lat;long;order;dialect
9.0163048;57.1582765;1;NV
9.0122999;57.1562173;2;NV
9.0006269;57.156031;3;NV
8.9887823;57.1568689;4;NV
8.9829458;57.1583585;5;NV
8.9719595;57.1566828;6;NV
8.9618314;57.154169;7;NV
8.9496435;57.1490478;8;NV
8.9367689;57.1424358;9;NV
8.920976;57.1364747;10;NV
8.8967718;57.127438;11;NV
8.867246;57.1182127;12;NV
8.8294805;57.109358;13;NV
8.7853636;57.1025524;14;NV
8.7724889;57.1008741;15;NV
8.7606424;57.0996621;16;NV
8.7530464;57.0989161;17;NV
8.7441629;57.0988928;18;NV
8.7397426;57.0992192;19;NV
8.7371677;57.1000583;20;NV
8.731932;57.101084;21;NV
8.7288851;57.1021562;22;NV
8.7260097;57.1027156;23;NV
8.7224048;57.1028555;24;NV
8.7193579;57.1036946;25;NV
8.7163967;57.1041375;26;NV
8.7126613;57.1058314;27;NV
8.6987567;57.1084417;28;NV
8.689487;57.1115179;29;NV
8.677814;57.1145006;30;NV
8.668716;57.1158054;31;NV
8.6568713;57.1182286;32;NV
8.6484599;57.1199061;33;NV
8.6390186;57.1219563;34;NV
8.6270023;57.1228881;35;NV
8.626144;57.1247518;36;NV
8.6239124;57.1245654;37;NV
8.6209941;57.1260562;38;NV
8.6194492;57.1268017;39;NV
8.6135532;57.1247701;40;NV
8.6077167;57.1231161;41;NV
8.602996;57.1221842;42;NV
8.6017086;57.1232559;43;NV
8.5993911;57.1249098;44;NV
8.5980608;57.1242576;45;NV
8.5958721;57.1232792;46;NV
8.5921384;57.12272;47;NV
8.5896923;57.1222541;48;NV
8.5908073;57.1198767;49;NV
8.5774177;57.1076665;50;NV
8.5628265;57.0932141;51;NV
8.5551017;57.0852863;52;NV
8.5494369;57.0801556;53;NV
8.5415405;57.0736246;54;NV
8.5345023;57.0673724;55;NV
8.5278075;57.0632659;56;NV
8.5114997;57.0516906;57;NV
8.4996551;57.0459016;58;NV
8.4938186;57.0434737;59;NV
8.4874671;57.0434737;60;NV
8.4818023;57.044034;61;NV
8.4780257;57.0450612;62;NV
8.4735625;57.0430068;63;NV
8.4677261;57.0388976;64;NV
8.4651511;57.0348814;65;NV
8.4538215;57.023671;66;NV
8.4382003;57.0091859;67;NV
8.4117644;56.9866527;68;NV
8.4031814;56.9788891;69;NV
8.393225;56.9718725;70;NV
8.3818954;56.9639187;71;NV
8.3748573;56.9612046;72;NV
8.3697074;56.9600815;73;NV
8.3661025;56.9593328;74;NV
8.3633559;56.9608303;75;NV
8.3587211;56.9556824;76;NV
8.3499664;56.9449163;77;NV
8.3315986;56.9266536;78;NV
8.3106559;56.9033205;79;NV
8.2941764;56.8845686;80;NV
8.2821601;56.8704984;81;NV
8.2790702;56.8668393;82;NV
8.2711738;56.8567984;83;NV
8.2646506;56.84882;84;NV
8.2598441;56.8414972;85;NV
8.252291;56.8286319;86;NV
8.2486861;56.8217748;87;NV
8.2455962;56.8150105;88;NV
8.2414764;56.8081509;89;NV
8.2382148;56.8038278;90;NV
8.2356399;56.8003502;91;NV
8.2340949;56.7962142;92;NV
8.2282584;56.7820168;93;NV
8.2282584;56.7786312;94;NV
8.2277435;56.7749631;95;NV
8.2275718;56.7712006;96;NV
8.2274001;56.7682843;97;NV
8.2274001;56.7661206;98;NV
8.2267135;56.7640507;99;NV
8.2263702;56.7607576;100;NV
8.2263702;56.7566172;101;NV
8.2256835;56.7542646;102;NV
8.2249969;56.7510647;103;NV
8.2249969;56.7477704;104;NV
8.2251685;56.745323;105;NV
8.2245703;56.7416994;106;NV
8.2239695;56.7402166;107;NV
8.2246132;56.7390162;108;NV
8.224227;56.7377688;109;NV
8.2233257;56.7368272;110;NV
8.2234974;56.7356503;111;NV
8.2232399;56.7342615;112;NV
8.2234974;56.7333669;113;NV
8.2241411;56.7321428;114;NV
8.2236261;56.7310363;115;NV
8.2232399;56.7288469;116;NV
8.222167;56.7267514;117;NV
8.2213516;56.7254094;118;NV
8.22118;56.7243969;119;NV
8.2197638;56.7232196;120;NV
8.2189055;56.7225838;121;NV
8.2214375;56.7229605;122;NV
8.2234545;56.7233608;123;NV
8.2245703;56.7236905;124;NV
8.225729;56.722937;125;NV
8.2264156;56.7233608;126;NV
8.2272739;56.7230547;127;NV
8.2286043;56.7221599;128;NV
8.2298918;56.7208177;129;NV
8.2308359;56.7191222;130;NV
8.2317371;56.719499;131;NV
8.2325096;56.7190986;132;NV
8.2331533;56.7182273;133;NV
8.2334538;56.7170968;134;NV
8.2339258;56.7149301;135;NV
8.2345266;56.7143649;136;NV
8.2342691;56.7129517;137;NV
8.2349987;56.7133756;138;NV
8.2367582;56.7133992;139;NV
8.237874;56.713093;140;NV
8.2383461;56.7121744;141;NV
8.2386036;56.710926;142;NV
8.2380457;56.7091358;143;NV
8.2395477;56.7091123;144;NV
8.2397623;56.7083349;145;NV
8.2377024;56.7053196;146;NV
8.2400627;56.7045657;147;NV
8.2381744;56.7012674;148;NV
8.2406206;56.7008433;149;NV
8.2421227;56.7006548;150;NV
8.2438822;56.7001364;151;NV
8.2448263;56.6999715;152;NV
8.2463713;56.7002543;153;NV
8.2477446;56.700537;154;NV
8.2474012;56.700749;155;NV
8.2464473;56.7013358;156;NV
8.2469623;56.7021839;157;NV
8.2457606;56.7035033;158;NV
8.2479922;56.7065187;159;NV
8.2497088;56.7243239;160;NV
8.2515971;56.7504042;161;NV
8.2536571;56.7738327;162;NV
8.2553737;56.7783473;163;NV
8.2569186;56.7771247;164;NV
8.2601802;56.7772187;165;NV
8.2660167;56.775902;166;NV
8.266875;56.7737386;167;NV
8.267905;56.772798;168;NV
8.2704799;56.7728921;169;NV
8.2728831;56.7722336;170;NV
8.2752864;56.7714811;171;NV
8.2795779;56.7706345;172;NV
8.2838695;56.7689412;173;NV
8.2885043;56.7653662;174;NV
8.2941691;56.7623555;175;NV
8.2991473;56.7582153;176;NV
8.3027522;56.7536982;177;NV
8.3027522;56.7508748;178;NV
8.3015506;56.7455096;179;NV
8.3032672;56.7427797;180;NV
8.3044688;56.7367543;181;NV
8.3067004;56.731293;182;NV
8.3101337;56.7252658;183;NV
8.3121936;56.7214983;184;NV
8.3161418;56.7163174;185;NV
8.3185451;56.7149043;186;NV
8.3338229;56.7067072;187;NV
8.3377711;56.7025609;188;NV
8.3379428;56.7003933;189;NV
8.3400027;56.6976601;190;NV
8.3398311;56.6965291;191;NV
8.3436076;56.6949267;192;NV
8.3466975;56.6934185;193;NV
8.3489291;56.6911562;194;NV
8.353564;56.6869139;195;NV
8.353564;56.684274;196;NV
8.3549373;56.6779563;197;NV
8.3571689;56.6765418;198;NV
8.3600871;56.6763532;199;NV
8.363177;56.6772019;200;NV
8.3781116;56.6754101;201;NV
8.3810298;56.6746556;202;NV
8.3880679;56.6741841;203;NV
8.3942477;56.6719206;204;NV
8.3997409;56.6706001;205;NV
8.4024875;56.6707887;206;NV
8.4096973;56.6691853;207;NV
8.4227435;56.6661668;208;NV
8.4266059;56.6646575;209;NV
8.4314982;56.6611198;210;NV
8.434674;56.6590914;211;NV
8.4399097;56.6555059;212;NV
8.4421413;56.6543265;213;NV
8.4451453;56.6526279;214;NV
8.4495227;56.6520146;215;NV
8.4527843;56.6510237;216;NV
8.4579341;56.6481453;217;NV
8.4626548;56.6447477;218;NV
8.4691779;56.6384706;219;NV
8.4714095;56.6379514;220;NV
8.4757011;56.6375266;221;NV
8.4786193;56.6360161;222;NV
8.4794776;56.635072;223;NV
8.4805934;56.6347888;224;NV
8.4830825;56.6344584;225;NV
8.4853141;56.6322869;226;NV
8.489434;56.6283684;227;NV
8.4922664;56.6278019;228;NV
8.4938113;56.6260549;229;NV
8.4973304;56.621097;230;NV
8.4982745;56.6179802;231;NV
8.4994762;56.6163745;232;NV
8.5020511;56.6108012;233;NV
8.5020511;56.6077781;234;NV
8.5023944;56.6052744;235;NV
8.5059993;56.6029595;236;NV
8.5099475;56.6010224;237;NV
8.511235;56.6002192;238;NV
8.5133807;56.5963919;239;NV
8.514754;56.5913828;240;NV
8.5148398;56.5896814;241;NV
8.516299;56.5889253;242;NV
8.5186164;56.588878;243;NV
8.5205905;56.5881691;244;NV
8.5233371;56.5867984;245;NV
8.5258262;56.5844351;246;NV
8.5277144;56.5826862;247;NV
8.5284869;56.5809844;248;NV
8.5340659;56.5798971;249;NV
8.5374133;56.5792826;250;NV
8.5399882;56.5781007;251;NV
8.5437648;56.5773443;252;NV
8.5480563;56.5770606;253;NV
8.5508029;56.577297;254;NV
8.5530345;56.5775807;255;NV
8.5550086;56.5783371;256;NV
8.5562102;56.5793299;257;NV
8.5550086;56.5801808;258;NV
8.5523479;56.5810317;259;NV
8.5503738;56.5819771;260;NV
8.5468547;56.5832534;261;NV
8.5443656;56.5842933;262;NV
8.5425632;56.5832534;263;NV
8.541104;56.5834425;264;NV
8.5393016;56.5831589;265;NV
8.53707;56.5837734;266;NV
8.5347526;56.5850496;267;NV
8.5322635;56.5857586;268;NV
8.5311477;56.5868929;269;NV
8.5297744;56.5876019;270;NV
8.5291736;56.5894451;271;NV
8.5296886;56.5917136;272;NV
8.5302894;56.5933676;273;NV
8.5317485;56.59436;274;NV
8.5361259;56.597148;275;NV
8.5444514;56.5996522;276;NV
8.5520045;56.6005499;277;NV
8.5609309;56.6005027;278;NV
8.5660808;56.6008334;279;NV
8.5713164;56.6005972;280;NV
8.576123;56.6002664;281;NV
8.5873668;56.6008807;282;NV
8.5890834;56.6014949;283;NV
8.5914867;56.6039043;284;NV
8.5921733;56.6056995;285;NV
8.5926024;56.6086756;286;NV
8.5925166;56.6099038;287;NV
8.59183;56.6115097;288;NV
8.5920016;56.6133046;289;NV
8.5929458;56.6148632;290;NV
8.5932891;56.6162328;291;NV
8.5961215;56.6198692;292;NV
8.5961215;56.6209081;293;NV
8.5968082;56.624119;294;NV
8.5967223;56.6264799;295;NV
8.5967223;56.6286045;296;NV
8.5959498;56.6322397;297;NV
8.5960469;56.6349568;298;NV
8.5959611;56.6354761;299;NV
8.5958323;56.6357829;300;NV
8.5959182;56.6360189;301;NV
8.5940728;56.6360425;302;NV
8.5935578;56.6363729;303;NV
8.5924426;56.637793;304;NV
8.5934725;56.6386426;305;NV
8.5979357;56.6388314;306;NV
8.6023989;56.6379818;307;NV
8.6061755;56.6370377;308;NV
8.6106387;56.6359049;309;NV
8.6128703;56.6345832;310;NV
8.6149302;56.6326949;311;NV
8.6202517;56.6311843;312;NV
8.6279765;56.6277851;313;NV
8.6303797;56.6246688;314;NV
8.6348429;56.6218357;315;NV
8.6324397;56.6249521;316;NV
8.6307231;56.6288237;317;NV
8.6324397;56.6324117;318;NV
8.6350146;56.6365657;319;NV
8.6359259;56.6406459;320;NV
8.6340376;56.6426281;321;NV
8.6304327;56.6438552;322;NV
8.6290594;56.6450822;323;NV
8.6288878;56.646781;324;NV
8.6299178;56.6478192;325;NV
8.6358096;56.6515078;326;NV
8.6367538;56.6522627;327;NV
8.6379554;56.6536782;328;NV
8.6388137;56.6546218;329;NV
8.640187;56.6559428;330;NV
8.6406162;56.6573581;331;NV
8.6413886;56.6586319;332;NV
8.6419895;56.6596697;333;NV
8.641732;56.6604716;334;NV
8.6414745;56.6615094;335;NV
8.6404445;56.660849;336;NV
8.6376121;56.6596225;337;NV
8.6353805;56.6589149;338;NV
8.6316898;56.6587262;339;NV
8.6297157;56.6589149;340;NV
8.6271407;56.6590564;341;NV
8.62345;56.6593866;342;NV
8.6213043;56.6599527;343;NV
8.6202743;56.6609434;344;NV
8.6192443;56.662217;345;NV
8.6166694;56.6625943;346;NV
8.6134937;56.6631604;347;NV
8.6107471;56.6630189;348;NV
8.607228;56.6617453;349;NV
8.6032798;56.6610849;350;NV
8.6007049;56.6612264;351;NV
8.5974433;56.6621698;352;NV
8.5954692;56.6628774;353;NV
8.5916068;56.6622641;354;NV
8.5845687;56.6613207;355;NV
8.575814;56.6615566;356;NV
8.5756423;56.6625472;357;NV
8.5756423;56.6648584;358;NV
8.5770156;56.6665092;359;NV
8.5797622;56.6723572;360;NV
8.5843971;56.6782043;361;NV
8.5898902;56.6801846;362;NV
8.5881736;56.6826362;363;NV
8.585427;56.6848991;364;NV
8.5835388;56.6869732;365;NV
8.5831954;56.6892359;366;NV
8.5830238;56.6911213;367;NV
8.5794189;56.691027;368;NV
8.5794189;56.6898958;369;NV
8.5794189;56.6880103;370;NV
8.576329;56.6857476;371;NV
8.5723808;56.6849933;372;NV
8.5648277;56.686879;373;NV
8.5613944;56.6878217;374;NV
8.5598839;56.6996577;375;NV
8.5616864;56.7010714;376;NV
8.5642613;56.7018253;377;NV
8.5719002;56.7042755;378;NV
8.5751618;56.7045582;379;NV
8.5777367;56.704888;380;NV
8.57911;56.7042755;381;NV
8.5834015;56.7058304;382;NV
8.5862339;56.7068669;383;NV
8.5884655;56.7080919;384;NV
8.590268;56.7084688;385;NV
8.590268;56.7088928;386;NV
8.5891522;56.7094581;387;NV
8.5889805;56.7101648;388;NV
8.5885514;56.7112483;389;NV
8.587693;56.7130855;390;NV
8.5861481;56.7143573;391;NV
8.583659;56.7150639;392;NV
8.5821999;56.716477;393;NV
8.5811699;56.7170422;394;NV
8.5819424;56.7179372;395;NV
8.583144;56.7188792;396;NV
8.5849973;56.7200193;397;NV
8.5889884;56.7211261;398;NV
8.5891172;56.7213498;399;NV
8.5900399;56.7214911;400;NV
8.5901901;56.7216912;401;NV
8.5887953;56.7217501;402;NV
8.5880443;56.7216677;403;NV
8.5872075;56.7216794;404;NV
8.5860917;56.7217736;405;NV
8.5854479;56.7220327;406;NV
8.5849329;56.7219267;407;NV
8.5844823;56.7219738;408;NV
8.5839459;56.7221386;409;NV
8.583388;56.7219031;410;NV
8.583388;56.7214086;411;NV
8.5823878;56.7215137;412;NV
8.5807571;56.7221259;413;NV
8.5799846;56.7225969;414;NV
8.5786113;56.7227382;415;NV
8.5768088;56.7227382;416;NV
8.5762072;56.7259326;417;NV
8.5762715;56.7263682;418;NV
8.5767436;56.726639;419;NV
8.5772586;56.726792;420;NV
8.5782242;56.7266625;421;NV
8.5793614;56.7266508;422;NV
8.579576;56.726486;423;NV
8.5794124;56.7262061;424;NV
8.5782108;56.7257822;425;NV
8.5798416;56.7250288;426;NV
8.5808716;56.7252171;427;NV
8.5818157;56.7263944;428;NV
8.5819015;56.7276187;429;NV
8.5809574;56.7279013;430;NV
8.5797558;56.7273833;431;NV
8.5774383;56.7279013;432;NV
8.5762367;56.7288901;433;NV
8.5766659;56.729926;434;NV
8.5782966;56.7312444;435;NV
8.5806999;56.7316681;436;NV
8.5844765;56.7318565;437;NV
8.5867081;56.7314798;438;NV
8.5880813;56.7320448;439;NV
8.5918579;56.7309148;440;NV
8.592802;56.7300202;441;NV
8.5942612;56.7287488;442;NV
8.593317;56.728278;443;NV
8.5931362;56.727128;444;NV
8.5933079;56.7266806;445;NV
8.5937156;56.7263039;446;NV
8.5938014;56.7258566;447;NV
8.5945954;56.7256564;448;NV
8.5958185;56.7249972;449;NV
8.5970845;56.7240671;450;NV
8.5977067;56.7232547;451;NV
8.5977282;56.722513;452;NV
8.5975351;56.7216535;453;NV
8.5972776;56.7213121;454;NV
8.5951747;56.7185333;455;NV
8.5946812;56.718286;456;NV
8.5941018;56.7182271;457;NV
8.5937156;56.7179916;458;NV
8.5937585;56.7178032;459;NV
8.594252;56.7175442;460;NV
8.5947885;56.71745;461;NV
8.5949387;56.7175559;462;NV
8.5948099;56.7177443;463;NV
8.5950245;56.7178503;464;NV
8.5956253;56.717921;465;NV
8.5982217;56.7175088;466;NV
8.598608;56.7172851;467;NV
8.5992517;56.7172969;468;NV
8.6017622;56.7163195;469;NV
8.6018481;56.7159898;470;NV
8.6025133;56.7157778;471;NV
8.6035218;56.715872;472;NV
8.6036505;56.7162842;473;NV
8.6042513;56.7165079;474;NV
8.6051311;56.7166728;475;NV
8.6060752;56.717238;476;NV
8.6065258;56.7178268;477;NV
8.6065044;56.7180387;478;NV
8.606719;56.718286;479;NV
8.6083497;56.7189336;480;NV
8.608736;56.7189807;481;NV
8.6098947;56.7188865;482;NV
8.6115469;56.7190985;483;NV
8.6129846;56.7189807;484;NV
8.6137142;56.7192044;485;NV
8.614551;56.719334;486;NV
8.6155166;56.7191691;487;NV
8.6162032;56.7193575;488;NV
8.6164393;56.7195694;489;NV
8.6169328;56.7196754;490;NV
8.617362;56.7196048;491;NV
8.6192073;56.7201699;492;NV
8.6206235;56.7206645;493;NV
8.6209669;56.7211354;494;NV
8.6222543;56.7213003;495;NV
8.6232843;56.721418;496;NV
8.6240568;56.7212767;497;NV
8.6250438;56.7208293;498;NV
8.6269321;56.7195577;499;NV
8.6265888;56.7187805;500;NV
8.6273612;56.7184744;501;NV
8.6281766;56.7180269;502;NV
8.6267175;56.7172262;503;NV
8.6218715;56.7174806;504;NV
8.6205841;56.7164208;505;NV
8.6181808;56.7155023;506;NV
8.615563;56.715149;507;NV
8.6146188;56.715149;508;NV
8.6130739;56.7147722;509;NV
8.6127735;56.7139243;510;NV
8.6118293;56.713359;511;NV
8.6120439;56.7129821;512;NV
8.6126876;56.712723;513;NV
8.6133314;56.7129115;514;NV
8.6137176;56.7126053;515;NV
8.6128593;56.7122284;516;NV
8.6129451;56.7113805;517;NV
8.6122585;56.7104854;518;NV
8.6105419;56.7098259;519;NV
8.6110569;56.7074702;520;NV
8.6124302;56.7062924;521;NV
8.6136318;56.7064337;522;NV
8.616035;56.7058212;523;NV
8.6192108;56.7039837;524;NV
8.6218715;56.7023816;525;NV
8.6235881;56.7006853;526;NV
8.6247898;56.698659;527;NV
8.6257339;56.6981406;528;NV
8.6268497;56.6981406;529;NV
8.627708;56.6973866;530;NV
8.628738;56.6972923;531;NV
8.629253;56.6965854;532;NV
8.6310554;56.696444;533;NV
8.6320854;56.6957371;534;NV
8.6340595;56.6937577;535;NV
8.6355186;56.6917781;536;NV
8.6350036;56.6901756;537;NV
8.633802;56.6888086;538;NV
8.6321712;56.6881958;539;NV
8.6303688;56.6878659;540;NV
8.6276222;56.6889029;541;NV
8.6259914;56.6878187;542;NV
8.6251331;56.6861688;543;NV
8.6245323;56.682916;544;NV
8.6264206;56.6815488;545;NV
8.6275364;56.6800873;546;NV
8.6290813;56.6792857;547;NV
8.6301971;56.6795215;548;NV
8.6307979;56.6784842;549;NV
8.6330295;56.6768339;550;NV
8.6375785;56.6748535;551;NV
8.6384369;56.6749949;552;NV
8.6408401;56.6749006;553;NV
8.6419559;56.6738632;554;NV
8.6425567;56.6712224;555;NV
8.6422992;56.6698076;556;NV
8.6436725;56.6691473;557;NV
8.6464191;56.6699962;558;NV
8.6585212;56.6720241;559;NV
8.6734558;56.6749478;560;NV
8.6848713;56.6770225;561;NV
8.7026058;56.6820267;562;NV
8.7064252;56.6824039;563;NV
8.7083564;56.6825925;564;NV
8.7133346;56.6823096;565;NV
8.7197719;56.6813902;566;NV
8.7220035;56.6814845;567;NV
8.7250505;56.6813902;568;NV
8.7271104;56.6808716;569;NV
8.7298141;56.6800701;570;NV
8.7306724;56.6794808;571;NV
8.7303291;56.6801644;572;NV
8.72887;56.6809659;573;NV
8.7299858;56.6815081;574;NV
8.7310157;56.6816731;575;NV
8.7316165;56.6821682;576;NV
8.7332044;56.6823803;577;NV
8.7341486;56.6824275;578;NV
8.7345777;56.6827575;579;NV
8.7354789;56.682781;580;NV
8.7419162;56.6843603;581;NV
8.7482677;56.6854682;582;NV
8.7492548;56.6858689;583;NV
8.7519584;56.6865996;584;NV
8.7593828;56.6895221;585;NV
8.7604127;56.6899699;586;NV
8.7621294;56.6901349;587;NV
8.7641035;56.6905591;588;NV
8.7649189;56.6911483;589;NV
8.7654768;56.6913604;590;NV
8.7661634;56.6916667;591;NV
8.7679658;56.6922795;592;NV
8.7702833;56.6921852;593;NV
8.7719141;56.692468;594;NV
8.7751756;56.6939291;595;NV
8.7762914;56.6948717;596;NV
8.7740815;56.6983679;597;NV
8.7739099;56.6985681;598;NV
8.773352;56.6987331;599;NV
8.7729443;56.6989098;600;NV
8.7715066;56.6995224;601;NV
8.7698329;56.7008418;602;NV
8.7692535;56.7016665;603;NV
8.7688029;56.7018314;604;NV
8.7680308;56.703032;605;NV
8.7681166;56.7037859;606;NV
8.7687174;56.7047283;607;NV
8.7700049;56.7053879;608;NV
8.7716357;56.7065187;609;NV
8.7733523;56.7075081;610;NV
8.7740389;56.7089686;611;NV
8.7746398;56.7100521;612;NV
8.7755839;56.7108059;613;NV
8.778588;56.7118423;614;NV
8.778588;56.7125018;615;NV
8.7809912;56.7134439;616;NV
8.7829653;56.7147158;617;NV
8.7845103;56.715705;618;NV
8.7851969;56.716647;619;NV
8.7860552;56.7177774;620;NV
8.7876002;56.7185782;621;NV
8.7881152;56.7193317;622;NV
8.7900893;56.7198498;623;NV
8.7926642;56.7215453;624;NV
8.7941233;56.7231465;625;NV
8.7958399;56.7246535;626;NV
8.7976424;56.7253599;627;NV
8.7980715;56.7261134;628;NV
8.798844;56.7268668;629;NV
8.8029639;56.7276202;630;NV
8.8043372;56.7277615;631;NV
8.8072554;56.7284678;632;NV
8.8083712;56.7290799;633;NV
8.8104311;56.7293624;634;NV
8.8115469;56.7303512;635;NV
8.8135211;56.7319992;636;NV
8.8158385;56.7342591;637;NV
8.8183276;56.734777;638;NV
8.8194434;56.7351536;639;NV
8.8224474;56.7365189;640;NV
8.8238207;56.7376016;641;NV
8.8269106;56.7385431;642;NV
8.8286273;56.739108;643;NV
8.8310305;56.7395317;644;NV
8.8309447;56.7409439;645;NV
8.8284556;56.743062;646;NV
8.8293139;56.7462626;647;NV
8.8303439;56.7474863;648;NV
8.833658;56.7496188;649;NV
8.8342159;56.7498776;650;NV
8.8353961;56.7500776;651;NV
8.8365977;56.7501482;652;NV
8.8368981;56.7500423;653;NV
8.8370268;56.7501364;654;NV
8.8371556;56.7505012;655;NV
8.8379281;56.7506776;656;NV
8.8389151;56.7506776;657;NV
8.8393443;56.75056;658;NV
8.8398163;56.75016;659;NV
8.840267;56.7499835;660;NV
8.8404815;56.7496658;661;NV
8.8408255;56.7498453;662;NV
8.8403106;56.7502218;663;NV
8.8398814;56.7509748;664;NV
8.8407397;56.7520101;665;NV
8.8409972;56.7525277;666;NV
8.8408255;56.7529983;667;NV
8.8401389;56.7529512;668;NV
8.8391089;56.7541747;669;NV
8.8386798;56.755351;670;NV
8.8379931;56.7566685;671;NV
8.8384223;56.7571861;672;NV
8.8386798;56.7598679;673;NV
8.8396239;56.7606207;674;NV
8.8398814;56.76095;675;NV
8.8391089;56.7614675;676;NV
8.8374782;56.7611852;677;NV
8.8361907;56.7620791;678;NV
8.8354182;56.7636786;679;NV
8.8367915;56.7637256;680;NV
8.8383365;56.7651369;681;NV
8.8395381;56.7668304;682;NV
8.8398814;56.7697467;683;NV
8.8414264;56.7709696;684;NV
8.843143;56.774544;685;NV
8.8453746;56.7756727;686;NV
8.8484645;56.7764252;687;NV
8.8518977;56.7766133;688;NV
8.8525844;56.7778359;689;NV
8.8561986;56.7786575;690;NV
8.8588594;56.7790807;691;NV
8.8606618;56.7793159;692;NV
8.861091;56.7801153;693;NV
8.8622068;56.7803504;694;NV
8.864095;56.7809617;695;NV
8.8650392;56.7819961;696;NV
8.8654683;56.7828425;697;NV
8.8652967;56.7840649;698;NV
8.8620351;56.7848172;699;NV
8.8571428;56.7858986;700;NV
8.8545678;56.787074;701;NV
8.8541387;56.7887194;702;NV
8.8545678;56.7911169;703;NV
8.8547395;56.7921981;704;NV
8.8561986;56.7926212;705;NV
8.8589452;56.7927622;706;NV
8.8604902;56.7918691;707;NV
8.8624643;56.7919161;708;NV
8.8633226;56.791305;709;NV
8.8643525;56.7921041;710;NV
8.8684724;56.791634;711;NV
8.8647817;56.7926682;712;NV
8.8657258;56.7952535;713;NV
8.8689874;56.7949245;714;NV
8.8711332;56.7951595;715;NV
8.8721631;56.7945954;716;NV
8.8742231;56.7923392;717;NV
8.8753389;56.7899887;718;NV
8.8753389;56.7889075;719;NV
8.8771413;56.7878262;720;NV
8.8764547;56.7861337;721;NV
8.875768;56.7861807;722;NV
8.8754247;56.7857575;723;NV
8.8769696;56.7837828;724;NV
8.8776563;56.7840179;725;NV
8.8782571;56.7868859;726;NV
8.8787721;56.7893306;727;NV
8.8798021;56.7931383;728;NV
8.8793729;56.7951595;729;NV
8.8783429;56.7978856;730;NV
8.8780854;56.8007995;731;NV
8.8774846;56.8017864;732;NV
8.874738;56.8062038;733;NV
8.8724206;56.8080833;734;NV
8.8636659;56.8120301;735;NV
8.8626359;56.8133455;736;NV
8.8564561;56.8165401;737;NV
8.849418;56.8236799;738;NV
8.8446115;56.8296914;739;NV
8.8415216;56.834481;740;NV
8.8400108;56.8416745;741;NV
8.8400108;56.8455239;742;NV
8.8400108;56.8492789;743;NV
8.8389808;56.8523766;744;NV
8.8364059;56.854817;745;NV
8.8346893;56.8579141;746;NV
8.832286;56.860448;747;NV
8.8280803;56.8635447;748;NV
8.827737;56.8648584;749;NV
8.8280803;56.8663597;750;NV
8.8291103;56.8679079;751;NV
8.8285953;56.869972;752;NV
8.8312561;56.8721298;753;NV
8.8315994;56.8727864;754;NV
8.8346035;56.8746158;755;NV
8.8351184;56.8758352;756;NV
8.8365776;56.8768671;757;NV
8.838895;56.8778989;758;NV
8.8403541;56.8787431;759;NV
8.8412124;56.8790245;760;NV
8.8426715;56.8789307;761;NV
8.8440448;56.8790245;762;NV
8.8430149;56.88015;763;NV
8.8432724;56.8812287;764;NV
8.8417274;56.8825886;765;NV
8.8414699;56.8831513;766;NV
8.8423282;56.8842299;767;NV
8.8440448;56.8856366;768;NV
8.8448173;56.885449;769;NV
8.8458473;56.8856835;770;NV
8.8464481;56.8861993;771;NV
8.8473064;56.8859179;772;NV
8.8507396;56.8866213;773;NV
8.8512546;56.8872308;774;NV
8.8520271;56.8872308;775;NV
8.8527996;56.8867151;776;NV
8.8534862;56.886762;777;NV
8.8538295;56.8872308;778;NV
8.8547737;56.887184;779;NV
8.8565761;56.8869964;780;NV
8.8579494;56.8866213;781;NV
8.8589794;56.8871371;782;NV
8.8600952;56.8869964;783;NV
8.8618976;56.8860586;784;NV
8.8634426;56.8852146;785;NV
8.8643867;56.8842299;786;NV
8.8632709;56.8828231;787;NV
8.8630134;56.88151;788;NV
8.8618976;56.8805721;789;NV
8.8628417;56.8798687;790;NV
8.865245;56.8786493;791;NV
8.8700515;56.8771485;792;NV
8.870824;56.876445;793;NV
8.871854;56.8765388;794;NV
8.8714248;56.8774299;795;NV
8.8719398;56.8778051;796;NV
8.8733989;56.8784617;797;NV
8.8733989;56.8789776;798;NV
8.8704807;56.8785086;799;NV
8.869794;56.8790714;800;NV
8.871854;56.8796342;801;NV
8.8744289;56.8805721;802;NV
8.8787204;56.8823541;803;NV
8.8826686;56.8816976;804;NV
8.8850719;56.8816976;805;NV
8.8866168;56.8809473;806;NV
8.8859302;56.879728;807;NV
8.8845569;56.8779458;808;NV
8.8869602;56.8754131;809;NV
8.8873035;56.8742874;810;NV
8.8857585;56.8736308;811;NV
8.8871318;56.8719421;812;NV
8.8885051;56.8686585;813;NV
8.8886768;56.8668758;814;NV
8.8878185;56.8649053;815;NV
8.8854152;56.8626533;816;NV
8.8849002;56.8608703;817;NV
8.8879901;56.8622779;818;NV
8.8907367;56.86453;819;NV
8.891595;56.8658436;820;NV
8.8914234;56.8679079;821;NV
8.8924533;56.869972;822;NV
8.8934833;56.8729741;823;NV
8.8960582;56.876445;824;NV
8.8969165;56.879259;825;NV
8.8984615;56.8829169;826;NV
8.8998348;56.8858242;827;NV
8.9003498;56.8889188;828;NV
8.9036113;56.8918256;829;NV
8.9061862;56.8954823;830;NV
8.9068729;56.8990448;831;NV
8.9072162;56.9038256;832;NV
8.9085895;56.9076686;833;NV
8.913911;56.9116985;834;NV
8.9207775;56.9160092;835;NV
8.923524;56.9187265;836;NV
8.9218074;56.9181643;837;NV
8.9202625;56.92135;838;NV
8.9194042;56.9238795;839;NV
8.9175159;56.9258469;840;NV
8.914941;56.9297812;841;NV
8.9123661;56.9334341;842;NV
8.912881;56.9353073;843;NV
8.9125377;56.9386788;844;NV
8.9123661;56.9400835;845;NV
8.9104778;56.9418627;846;NV
8.9075595;56.9444845;847;NV
8.9075595;56.9482296;848;NV
8.9091045;56.9503829;849;NV
8.9097911;56.9535658;850;NV
8.9109928;56.9556251;851;NV
8.9140827;56.957778;852;NV
8.9166576;56.9594627;853;NV
8.9209491;56.961241;854;NV
8.9242107;56.9633935;855;NV
8.9257556;56.9657331;856;NV
8.9262706;56.9680725;857;NV
8.9254123;56.9706925;858;NV
8.9262706;56.9731251;859;NV
8.925584;56.9746221;860;NV
8.9218074;56.9750899;861;NV
8.9207775;56.9730316;862;NV
8.9223224;56.9700375;863;NV
8.9194042;56.9649844;864;NV
8.9163143;56.9610538;865;NV
8.9137393;56.9600243;866;NV
8.9125638;56.9581501;867;NV
8.9108472;56.9577757;868;NV
8.9094739;56.9568397;869;NV
8.9060406;56.9559036;870;NV
8.9039807;56.9540315;871;NV
8.9010625;56.9519721;872;NV
8.8991742;56.9507551;873;NV
8.8962559;56.9506614;874;NV
8.8935094;56.9513168;875;NV
8.8907628;56.9526274;876;NV
8.8871579;56.9521593;877;NV
8.8820081;56.9510359;878;NV
8.8790898;56.9512231;879;NV
8.8749699;56.9507551;880;NV
8.8720517;56.9513168;881;NV
8.8686185;56.9500061;882;NV
8.8655286;56.9511295;883;NV
8.8590054;56.9563717;884;NV
8.8593487;56.9526274;885;NV
8.8538556;56.9470102;886;NV
8.8466458;56.9410176;887;NV
8.8408093;56.9383955;888;NV
8.8311963;56.9316523;889;NV
8.8291363;56.9280928;890;NV
8.8253598;56.9108528;891;NV
8.8219266;56.9063541;892;NV
8.8184933;56.9035421;893;NV
8.8092236;56.9018548;894;NV
8.7937741;56.9027922;895;NV
8.7779813;56.8984801;896;NV
8.7704282;56.8979176;897;NV
8.7584119;56.8979176;898;NV
8.7515454;56.896605;899;NV
8.7481122;56.8922921;900;NV
8.7384991;56.8879788;901;NV
8.7264828;56.8913545;902;NV
8.7024503;56.8896667;903;NV
8.6921506;56.8876037;904;NV
8.6756711;56.8885414;905;NV
8.6705212;56.8904168;906;NV
8.6657147;56.8887289;907;NV
8.6595349;56.8892916;908;NV
8.6540417;56.8864783;909;NV
8.6358456;56.885353;910;NV
8.6262326;56.8838524;911;NV
8.6241727;56.8889165;912;NV
8.6392789;56.898855;913;NV
8.6389355;56.9102905;914;NV
8.6406522;56.9125397;915;NV
8.6509518;56.9185368;916;NV
8.6578183;56.9211603;917;NV
8.6619382;56.9243457;918;NV
8.6607315;56.9295269;919;NV
8.6574699;56.9318686;920;NV
8.6566116;56.9346785;921;NV
8.6583282;56.9398293;922;NV
8.663993;56.9464775;923;NV
8.6658813;56.9490989;924;NV
8.6713745;56.9526564;925;NV
8.6789276;56.9523755;926;NV
8.6888839;56.9505969;927;NV
8.6919738;56.9509713;928;NV
8.6954071;56.9500351;929;NV
8.697467;56.9500351;930;NV
8.6971237;56.9514394;931;NV
8.6936904;56.9523755;932;NV
8.6942054;56.9531244;933;NV
8.6967804;56.9525628;934;NV
8.6967804;56.9534053;935;NV
8.6938621;56.9539669;936;NV
8.6955787;56.9546222;937;NV
8.6983253;56.9549966;938;NV
8.6986686;56.9538733;939;NV
8.7003852;56.9529372;940;NV
8.7000419;56.9520947;941;NV
8.7048484;56.951533;942;NV
8.7041618;56.9531244;943;NV
8.7079383;56.9529372;944;NV
8.7206413;56.9499415;945;NV
8.7252761;56.9502224;946;NV
8.729396;56.9505032;947;NV
8.7345459;56.9489117;948;NV
8.7417556;56.9474137;949;NV
8.7455322;56.9466647;950;NV
8.7503387;56.9456348;951;NV
8.7577201;56.9458221;952;NV
8.7723114;56.9481627;953;NV
8.7807228;56.9504096;954;NV
8.7853576;56.9521883;955;NV
8.7870742;56.9535925;956;NV
8.7879325;56.9579919;957;NV
8.7894775;56.9592087;958;NV
8.7949707;56.9607998;959;NV
8.8050987;56.9639818;960;NV
8.8109352;56.9655727;961;NV
8.8179733;56.9670699;962;NV
8.8231231;56.9666956;963;NV
8.8263847;56.9672571;964;NV
8.8284446;56.9676314;965;NV
8.8275863;56.9684735;966;NV
8.8296463;56.9684735;967;NV
8.8320495;56.9700642;968;NV
8.8349678;56.9709999;969;NV
8.8375427;56.9719356;970;NV
8.8392593;56.9714677;971;NV
8.8406326;56.9721227;972;NV
8.8413192;56.9709999;973;NV
8.8426925;56.9713742;974;NV
8.8464691;56.9731519;975;NV
8.848014;56.9745553;976;NV
8.8473274;56.975865;977;NV
8.8481857;56.9773619;978;NV
8.8459541;56.9798876;979;NV
8.8347961;56.9846581;980;NV
8.8289596;56.9861546;981;NV
8.8246681;56.9909242;982;NV
8.8258697;56.9916723;983;NV
8.8244964;56.9927945;984;NV
8.827243;56.9936361;985;NV
8.8243248;56.9935426;986;NV
8.8174583;56.9941036;987;NV
8.8123085;56.9944777;988;NV
8.8093902;56.9958802;989;NV
8.8078453;56.9966283;990;NV
8.8023521;56.9986852;991;NV
8.8032104;56.9994332;992;NV
8.805957;57.0041077;993;NV
8.8071586;57.0060708;994;NV
8.8092186;57.0063512;995;NV
8.8129951;57.0066316;996;NV
8.8164283;57.0040142;997;NV
8.8268997;56.9970958;998;NV
8.8263847;56.9955997;999;NV
8.827758;56.9955062;1000;NV
8.8294746;56.9956932;1001;NV
8.8301612;56.9945712;1002;NV
8.8322212;56.9929815;1003;NV
8.8349678;56.9937296;1004;NV
8.837371;56.9939166;1005;NV
8.836856;56.9929815;1006;NV
8.8377143;56.9916723;1007;NV
8.8404609;56.9918594;1008;NV
8.8426925;56.993075;1009;NV
8.8437225;56.9952257;1010;NV
8.849044;56.9955062;1011;NV
8.8543337;56.9958712;1012;NV
8.8495272;56.9917568;1013;NV
8.8550204;56.9898865;1014;NV
8.8605135;56.9921309;1015;NV
8.8646334;56.9981152;1016;NV
8.8687533;57.0026029;1017;NV
8.8625735;57.0037247;1018;NV
8.8536471;57.0164364;1019;NV
8.855707;57.0212956;1020;NV
8.8598269;57.0257804;1021;NV
8.8666933;57.0280226;1022;NV
8.8721865;57.0242855;1023;NV
8.876993;57.0183054;1024;NV
8.8824862;57.0138196;1025;NV
8.8804262;57.0063422;1026;NV
8.8852328;57.0029768;1027;NV
8.8852328;56.9984892;1028;NV
8.8831728;56.993253;1029;NV
8.8893526;56.9913827;1030;NV
8.8948458;56.9853973;1031;NV
8.8859194;56.9812817;1032;NV
8.8920992;56.9730493;1033;NV
8.9017122;56.9730493;1034;NV
8.9065188;56.9767915;1035;NV
8.9120119;56.9816559;1036;NV
8.9154452;56.9883901;1037;NV
8.9181917;56.9958712;1038;NV
8.9229983;57.001107;1039;NV
8.9339846;57.0055943;1040;NV
8.9518374;57.00709;1041;NV
8.9655703;57.0037247;1042;NV
8.9724367;57.0097072;1043;NV
8.9847964;57.0186791;1044;NV
9.0102022;57.0220431;1045;NV
9.0239351;57.0231643;1046;NV
9.0328615;57.0209218;1047;NV
9.0321749;57.0153149;1048;NV
9.0321749;57.0078378;1049;NV
9.0438479;57.0078378;1050;NV
9.0534609;57.0134458;1051;NV
9.0623873;57.0212956;1052;NV
9.073983;57.0206122;1053;NV
9.0163048;57.1582765;1054;NV
9.073983;57.0206122;1055;N
9.0803691;57.026631;1056;N
9.0995952;57.0322361;1057;N
9.1339275;57.0404555;1058;N
9.1373607;57.0370933;1059;N
9.1490337;57.0307415;1060;N
9.1634532;57.0228937;1061;N
9.1785594;57.0176609;1062;N
9.2039653;57.0042018;1063;N
9.2218181;56.9963484;1064;N
9.2266246;56.991486;1065;N
9.2389842;56.9911119;1066;N
9.2671367;56.9944783;1067;N
9.2836162;57.0000884;1068;N
9.2911693;57.0023321;1069;N
9.2939159;57.0060714;1070;N
9.3213817;57.0157919;1071;N
9.3598338;57.0243887;1072;N
9.377;57.0228937;1073;N
9.3962261;57.0288731;1074;N
9.4120189;57.0333571;1075;N
9.4394847;57.0385877;1076;N
9.4710704;57.0419498;1077;N
9.4882366;57.0464321;1078;N
9.4964763;57.0419498;1079;N
9.5054027;57.0445645;1080;N
9.549348;57.0445645;1081;N
9.5623943;57.0430704;1082;N
9.5761272;57.0408291;1083;N
9.582307;57.0426969;1084;N
9.580247;57.0475526;1085;N
9.5884868;57.050167;1086;N
9.6042796;57.0486731;1087;N
9.6159526;57.0520343;1088;N
9.6241924;57.0613694;1089;N
9.6633312;57.075181;1090;N
9.6770641;57.0714487;1091;N
9.688737;57.0684625;1092;N
9.6990367;57.0621161;1093;N
9.7079631;57.0636095;1094;N
9.7251293;57.0624895;1095;N
9.7505351;57.0669693;1096;N
9.7615215;57.0755543;1097;N
9.7690746;57.0837641;1098;N
9.778001;57.0934642;1099;N
9.7862407;57.0934642;1100;N
9.7903606;57.0960754;1101;N
9.7807475;57.0998053;1102;N
9.7773143;57.1027889;1103;N
9.7800609;57.1065181;1104;N
9.7910472;57.1050265;1105;N
9.8109599;57.0986863;1106;N
9.8363658;57.091226;1107;N
9.8473522;57.0841372;1108;N
9.8693248;57.0714487;1109;N
9.8981639;57.0639828;1110;N
9.9050304;57.0628628;1111;N
9.9194499;57.056142;1112;N
9.9345561;57.0535281;1113;N
9.9434825;57.0557686;1114;N
9.9558421;57.0591292;1115;N
9.9572154;57.0647295;1116;N
9.959962;57.0699556;1117;N
9.9682018;57.0792862;1118;N
9.9805614;57.0860028;1119;N
10.0004741;57.0897337;1120;N
10.0148937;57.0882414;1121;N
10.0279399;57.0822715;1122;N
10.0423595;57.0725684;1123;N
10.0602123;57.0643561;1124;N
10.0753185;57.0565155;1125;N
10.0931712;57.0531547;1126;N
10.1048442;57.0475526;1127;N
10.1172038;57.0412027;1128;N
10.1329967;57.034478;1129;N
10.1481029;57.026631;1130;N
10.1638957;57.0187823;1131;N
10.1755687;57.0116797;1132;N
10.1899883;57.003454;1133;N
10.2181407;56.9911119;1134;N
10.2366802;56.9866229;1135;N
10.2469798;56.9866229;1136;N
10.2552196;56.9855006;1137;N
10.2682658;56.9903638;1138;N
10.2847453;56.9926081;1139;N
10.3019115;56.9941043;1140;N
10.3080913;56.9907379;1141;N
10.3128978;56.991486;1142;N
10.3245708;56.9911119;1143;N
10.3334972;56.9888675;1144;N
10.3534099;57.0116797;1145;N
10.3733226;57.0430704;1146;N
10.3781291;57.0609961;1147;N
10.3884288;57.0893606;1148;N
10.4007884;57.1132298;1149;N
10.4158946;57.1367109;1150;N
10.4255077;57.1516119;1151;N
10.4378673;57.1665068;1152;N
10.45778;57.1810236;1153;N
10.4824992;57.1992546;1154;N
10.502412;57.2070651;1155;N
10.521638;57.2141304;1156;N
10.5408641;57.2249116;1157;N
10.5456706;57.2208225;1158;N
10.5491039;57.2364328;1159;N
10.5497905;57.2553792;1160;N
10.5442973;57.2780279;1161;N
10.5339977;57.2988078;1162;N
10.5271312;57.322542;1163;N
10.5312511;57.3329208;1164;N
10.521638;57.3470017;1165;N
10.5168315;57.3666319;1166;N
10.5161449;57.3851413;1167;N
10.521638;57.400682;1168;N
10.5257579;57.4128879;1169;N
10.5291911;57.4184347;1170;N
10.5278178;57.4280471;1171;N
10.5374309;57.4347004;1172;N
10.5532237;57.4391353;1173;N
10.5587169;57.4439391;1174;N
10.5497905;57.4491118;1175;N
10.5436107;57.4557612;1176;N
10.5367442;57.4675795;1177;N
10.5188915;57.4782866;1178;N
10.5030986;57.4889905;1179;N
10.5113384;57.4926807;1180;N
10.4852458;57.5055937;1181;N
10.4598399;57.5244017;1182;N
10.4399272;57.5417259;1183;N
10.4289409;57.5634616;1184;N
10.4241344;57.583344;1185;N
10.4282543;57.5976967;1186;N
10.4440471;57.6223408;1187;N
10.469453;57.6458658;1188;N
10.5079051;57.676352;1189;N
10.5436107;57.6994751;1190;N
10.5724498;57.7130485;1191;N
10.6054088;57.7233168;1192;N
10.6266948;57.7335822;1193;N
10.6411144;57.7409129;1194;N
10.6548473;57.7453106;1195;N
10.6212016;57.7511733;1196;N
10.5978557;57.7511733;1197;N
10.5703899;57.7467764;1198;N
10.5401775;57.7361481;1199;N
10.5182048;57.7266167;1200;N
10.4900523;57.713782;1201;N
10.4522868;57.6972736;1202;N
10.4165813;57.6803905;1203;N
10.3740093;57.6612958;1204;N
10.3328105;57.6403535;1205;N
10.3019115;57.6289587;1206;N
10.2600261;57.6146183;1207;N
10.2339336;57.6094691;1208;N
10.1687022;57.595489;1209;N
10.1398631;57.5925451;1210;N
10.1206371;57.5884969;1211;N
10.1000377;57.589969;1212;N
10.0554057;57.5921771;1213;N
10.0348064;57.5910731;1214;N
9.9977275;57.5907051;1215;N
9.9839946;57.5929131;1216;N
9.9819347;57.5973288;1217;N
9.962022;57.5965929;1218;N
9.9338695;57.5811354;1219;N
9.9201366;57.565303;1220;N
9.9064037;57.5538847;1221;N
9.8851177;57.5306688;1222;N
9.8652049;57.5177647;1223;N
9.8507854;57.5085446;1224;N
9.8308727;57.4963706;1225;N
9.8095866;57.4871452;1226;N
9.797227;57.4786557;1227;N
9.7924205;57.473118;1228;N
9.7814342;57.4631481;1229;N
9.7622081;57.4387658;1230;N
9.7251293;57.3892121;1231;N
9.7024699;57.3718155;1232;N
9.6770641;57.3436673;1233;N
9.6351787;57.3032591;1234;N
9.5932933;57.2672622;1235;N
9.549348;57.2319734;1236;N
9.5246288;57.2163612;1237;N
9.4635173;57.1925586;1238;N
9.3955394;57.162039;1239;N
9.3639537;57.1564534;1240;N
9.3309947;57.156081;1241;N
9.2980357;57.1490046;1242;N
9.256837;57.1422995;1243;N
9.1710063;57.1382013;1244;N
9.1126415;57.1422995;1245;N
9.0721294;57.1486322;1246;N
9.0501567;57.1557086;1247;N
9.0295574;57.1590601;1248;N
9.0163048;57.1582765;1249;N
9.073983;57.0206122;1250;N
9.3698792;56.5382961;1251;NØ
9.3911652;56.515952;1252;NØ
9.4172577;56.4890459;1253;NØ
9.4351105;56.4666727;1254;NØ
9.5017151;56.413531;1255;NØ
9.5834259;56.3572719;1256;NØ
9.6102051;56.3500434;1257;NØ
9.6953491;56.3766678;1258;NØ
9.7310547;56.3842714;1259;NØ
9.7791199;56.3933937;1260;NØ
9.8347382;56.3952939;1261;NØ
9.8779968;56.397574;1262;NØ
9.9130158;56.407073;1263;NØ
9.9466614;56.4188485;1264;NØ
9.9940399;56.4378336;1265;NØ
10.0166992;56.4552914;1266;NØ
10.0517182;56.4579474;1267;NØ
10.0688843;56.4632587;1268;NØ
10.0942902;56.465914;1269;NØ
10.1190094;56.4598443;1270;NØ
10.1341156;56.4568091;1271;NØ
10.164328;56.465914;1272;NØ
10.1904206;56.4727413;1273;NØ
10.2137665;56.472362;1274;NØ
10.220633;56.4882877;1275;NØ
10.2281861;56.5061013;1276;NØ
10.2247528;56.5239065;1277;NØ
10.2165131;56.5364031;1278;NØ
10.2178864;56.5443533;1279;NØ
10.220633;56.5545725;1280;NØ
10.230246;56.5560863;1281;NØ
10.2371124;56.5606271;1282;NØ
10.241919;56.5704637;1283;NØ
10.2460388;56.5787849;1284;NØ
10.2549652;56.5829449;1285;NØ
10.2686981;56.5886168;1286;NØ
10.282431;56.5950439;1287;NØ
10.2906708;56.6048715;1288;NØ
10.305777;56.6131852;1289;NØ
10.3243164;56.618097;1290;NØ
10.3373627;56.6207415;1291;NØ
10.348349;56.6275409;1292;NØ
10.3579621;56.6358496;1293;NØ
10.3620819;56.644534;1294;NØ
10.350409;56.6558585;1295;NØ
10.3531555;56.6615195;1296;NØ
10.3620819;56.6618968;1297;NØ
10.360022;56.6739706;1298;NØ
10.3538422;56.6928281;1299;NØ
10.3407959;56.7018764;1300;NØ
10.3332428;56.7184592;1301;NØ
10.3325562;56.7248642;1302;NØ
10.3140167;56.7384242;1303;NØ
10.3016571;56.748591;1304;NØ
10.2954773;56.7610134;1305;NØ
10.2886109;56.7760653;1306;NØ
10.2831177;56.790359;1307;NØ
10.2769379;56.8053991;1308;NØ
10.2721314;56.8249422;1309;NØ
10.2686981;56.8437241;1310;NØ
10.2666382;56.8628719;1311;NØ
10.2666382;56.8786333;1312;NØ
10.2652649;56.8898874;1313;NØ
10.2638916;56.9011381;1314;NØ
10.2686981;56.9153842;1315;NØ
10.2721314;56.9303741;1316;NØ
10.272818;56.9404889;1317;NØ
10.2899842;56.9558432;1318;NØ
10.2838043;56.9607103;1319;NØ
10.2879242;56.9663254;1320;NØ
10.2982239;56.9670741;1321;NØ
10.2995972;56.9753079;1322;NØ
10.3071503;56.9812949;1323;NØ
10.3002838;56.983914;1324;NØ
10.2700714;56.9812949;1325;NØ
10.2535919;56.9805466;1326;NØ
10.2316193;56.9786757;1327;NØ
10.2055268;56.9835398;1328;NØ
10.1828675;56.9902737;1329;NØ
10.1499085;57.0063553;1330;NØ
10.1238159;57.0186923;1331;NØ
10.1039032;57.0313989;1332;NØ
10.0915436;57.0358825;1333;NØ
10.0750641;57.0407392;1334;NØ
10.0640778;57.0489567;1335;NØ
10.0510315;57.0530647;1336;NØ
10.0379852;57.0597861;1337;NØ
10.0221924;57.0743447;1338;NØ
10.0173859;57.07845;1339;NØ
10.001593;57.07845;1340;NØ
9.9871735;57.0743447;1341;NØ
9.980307;57.0694925;1342;NØ
9.9665741;57.0627729;1343;NØ
9.9562744;57.0545585;1344;NØ
9.9425415;57.0497036;1345;NØ
9.9370484;57.0478362;1346;NØ
9.9178223;57.0534382;1347;NØ
9.9075226;57.0582925;1348;NØ
9.8924164;57.0575458;1349;NØ
9.8800568;57.0582925;1350;NØ
9.871817;57.0545585;1351;NØ
9.8608307;57.0489567;1352;NØ
9.8498444;57.0441011;1353;NØ
9.8422913;57.0429805;1354;NØ
9.8285584;57.0444746;1355;NØ
9.8161988;57.0467157;1356;NØ
9.8045258;57.0497036;1357;NØ
9.7873596;57.0504506;1358;NØ
9.7743134;57.0526913;1359;NØ
9.7605805;57.0489567;1360;NØ
9.742041;57.0459687;1361;NØ
9.7214417;57.0444746;1362;NØ
9.7049622;57.0414863;1363;NØ
9.6857361;57.0377505;1364;NØ
9.6761231;57.0332671;1365;NØ
9.6699433;57.0269147;1366;NØ
9.6706299;57.0205612;1367;NØ
9.6713165;57.0157019;1368;NØ
9.6692566;57.0104681;1369;NØ
9.6548371;57.0007463;1370;NØ
9.6479706;56.9955104;1371;NØ
9.6328644;56.987281;1372;NØ
9.6253113;56.9790499;1373;NØ
9.6205048;56.9711912;1374;NØ
9.6170716;56.9678227;1375;NØ
9.602652;56.9640795;1376;NØ
9.5937256;56.9637052;1377;NØ
9.5799927;56.9614591;1378;NØ
9.5676331;56.9652025;1379;NØ
9.5648865;56.9708169;1380;NØ
9.5683197;56.9779273;1381;NØ
9.5731262;56.9824174;1382;NØ
9.5841126;56.9884033;1383;NØ
9.5641998;56.9973804;1384;NØ
9.5518402;57.0011202;1385;NØ
9.5195679;57.0100943;1386;NØ
9.4982819;57.0153281;1387;NØ
9.4756226;57.0153281;1388;NØ
9.4447235;57.0157019;1389;NØ
9.428244;57.017571;1390;NØ
9.3870453;57.0112159;1391;NØ
9.3540863;57.0082248;1392;NØ
9.3369202;57.0033639;1393;NØ
9.3094544;56.9996244;1394;NØ
9.2936615;56.9970064;1395;NØ
9.2861084;56.9884033;1396;NØ
9.2840485;56.9801724;1397;NØ
9.2751221;56.9726882;1398;NØ
9.2565827;56.9711912;1399;NØ
9.2435364;56.9674484;1400;NØ
9.2359833;56.9607103;1401;NØ
9.2291168;56.9498521;1402;NØ
9.2167572;56.9416126;1403;NØ
9.2002777;56.9363684;1404;NØ
9.1968445;56.9318728;1405;NØ
9.1886048;56.9247536;1406;NØ
9.1789917;56.9202566;1407;NØ
9.1680054;56.8966383;1408;NØ
9.1659455;56.8853862;1409;NØ
9.1796784;56.8805093;1410;NØ
9.1961579;56.8748812;1411;NØ
9.2064575;56.8666252;1412;NØ
9.2119507;56.8576166;1413;NØ
9.2071442;56.8399685;1414;NØ
9.1954712;56.8286994;1415;NØ
9.1824249;56.8162994;1416;NØ
9.1714386;56.8095341;1417;NØ
9.170752;56.8046472;1418;NØ
9.1776184;56.7982558;1419;NØ
9.1865448;56.7877263;1420;NØ
9.1886048;56.7847174;1421;NØ
9.1879181;56.7726791;1422;NØ
9.1851715;56.7662822;1423;NØ
9.1954712;56.7681638;1424;NØ
9.2085175;56.7655296;1425;NØ
9.224997;56.7628952;1426;NØ
9.2366699;56.7602606;1427;NØ
9.2435364;56.7523558;1428;NØ
9.244223;56.7452024;1429;NØ
9.2387299;56.7320215;1430;NØ
9.2243103;56.716952;1431;NØ
9.2071442;56.7086611;1432;NØ
9.1913513;56.6999915;1433;NØ
9.1810517;56.6954674;1434;NØ
9.1776184;56.6886803;1435;NØ
9.1618256;56.6822691;1436;NØ
9.1597656;56.6781201;1437;NØ
9.1618256;56.6728388;1438;NØ
9.1714386;56.6686888;1439;NØ
9.1789917;56.6649156;1440;NØ
9.1906647;56.670198;1441;NØ
9.1995911;56.6751023;1442;NØ
9.2181305;56.6807604;1443;NØ
9.2284302;56.684532;1444;NØ
9.2339234;56.6883032;1445;NØ
9.2517761;56.6886803;1446;NØ
9.2607025;56.692451;1447;NØ
9.2703156;56.6958444;1448;NØ
9.2799286;56.6988605;1449;NØ
9.2909149;56.6988605;1450;NØ
9.3019013;56.6954674;1451;NØ
9.3094544;56.6879261;1452;NØ
9.3176941;56.6766112;1453;NØ
9.3252472;56.6634063;1454;NØ
9.3245606;56.6501967;1455;NØ
9.3225006;56.6384929;1456;NØ
9.3135742;56.6339614;1457;NØ
9.3142609;56.6230081;1458;NØ
9.3094544;56.6124295;1459;NØ
9.2943482;56.6056274;1460;NØ
9.2977814;56.600336;1461;NØ
9.2977814;56.5946659;1462;NØ
9.2922882;56.5837012;1463;NØ
9.2895416;56.573868;1464;NØ
9.2881684;56.5625189;1465;NØ
9.2916016;56.5572215;1466;NØ
9.2991547;56.5523018;1467;NØ
9.3115143;56.5523018;1468;NØ
9.3341736;56.5564647;1469;NØ
9.3465332;56.5598703;1470;NØ
9.3561463;56.565924;1471;NØ
9.3705658;56.5674373;1472;NØ
9.3767456;56.565924;1473;NØ
9.3698792;56.5628973;1474;NØ
9.3671326;56.5541941;1475;NØ
9.3664459;56.5473815;1476;NØ
9.3664459;56.5424605;1477;NØ
9.3698792;56.5382961;1478;NØ
10.2273188;56.4841392;1479;Djurs
10.2389918;56.4754179;1480;Djurs
10.2513514;56.4716254;1481;Djurs
10.2712642;56.4727632;1482;Djurs
10.2808772;56.4712462;1483;Djurs
10.2946101;56.4701083;1484;Djurs
10.3172694;56.4575899;1485;Djurs
10.350915;56.4348186;1486;Djurs
10.3825007;56.4108939;1487;Djurs
10.4065333;56.3953159;1488;Djurs
10.4113398;56.3668029;1489;Djurs
10.4133998;56.3325592;1490;Djurs
10.4154597;56.2899018;1491;Djurs
10.426446;56.2952366;1492;Djurs
10.4339991;56.2963797;1493;Djurs
10.4463588;56.2914261;1494;Djurs
10.4525386;56.2952366;1495;Djurs
10.4573451;56.2929503;1496;Djurs
10.4525386;56.2887586;1497;Djurs
10.4539119;56.2822794;1498;Djurs
10.4607783;56.2807547;1499;Djurs
10.471078;56.2807547;1500;Djurs
10.4772578;56.2799924;1501;Djurs
10.482751;56.2834229;1502;Djurs
10.4882441;56.27923;1503;Djurs
10.5054103;56.2750367;1504;Djurs
10.501977;56.270843;1505;Djurs
10.5067836;56.2666487;1506;Djurs
10.5060969;56.26131;1507;Djurs
10.4951106;56.2609286;1508;Djurs
10.4889308;56.2624541;1509;Djurs
10.4834376;56.2601659;1510;Djurs
10.4834376;56.252919;1511;Djurs
10.4717646;56.2422369;1512;Djurs
10.4635249;56.240329;1513;Djurs
10.4504786;56.2311701;1514;Djurs
10.4470454;56.2269715;1515;Djurs
10.4470454;56.223536;1516;Djurs
10.4573451;56.2296434;1517;Djurs
10.4655848;56.2296434;1518;Djurs
10.4703914;56.2269715;1519;Djurs
10.4697047;56.222009;1520;Djurs
10.4738246;56.2151367;1521;Djurs
10.4800044;56.2082632;1522;Djurs
10.471078;56.2029163;1523;Djurs
10.4600917;56.1971866;1524;Djurs
10.4532252;56.2006245;1525;Djurs
10.4388057;56.2002426;1526;Djurs
10.4333125;56.2025344;1527;Djurs
10.4291926;56.2071175;1528;Djurs
10.4250728;56.2097908;1529;Djurs
10.4319392;56.216664;1530;Djurs
10.4388057;56.2201002;1531;Djurs
10.428506;56.2208637;1532;Djurs
10.4223262;56.218573;1533;Djurs
10.4147731;56.2193366;1534;Djurs
10.4079066;56.2189548;1535;Djurs
10.4099665;56.2139912;1536;Djurs
10.4065333;56.2074994;1537;Djurs
10.3818141;56.2029163;1538;Djurs
10.3639613;56.1998606;1539;Djurs
10.3516017;56.1994786;1540;Djurs
10.3516017;56.2029163;1541;Djurs
10.3454219;56.1990966;1542;Djurs
10.3474818;56.1926023;1543;Djurs
10.3536616;56.1933664;1544;Djurs
10.3653346;56.1887816;1545;Djurs
10.3728877;56.1845784;1546;Djurs
10.3770076;56.1731127;1547;Djurs
10.3783809;56.1673786;1548;Djurs
10.3921138;56.162026;1549;Djurs
10.4140864;56.1616436;1550;Djurs
10.4243861;56.1639377;1551;Djurs
10.4326259;56.1696724;1552;Djurs
10.4353724;56.173495;1553;Djurs
10.4374324;56.1784638;1554;Djurs
10.4449855;56.1815212;1555;Djurs
10.459405;56.1826677;1556;Djurs
10.4717646;56.1807569;1557;Djurs
10.4786311;56.1792282;1558;Djurs
10.4834376;56.1757883;1559;Djurs
10.4903041;56.1723482;1560;Djurs
10.5012904;56.1689078;1561;Djurs
10.5088435;56.1700546;1562;Djurs
10.5170832;56.1723482;1563;Djurs
10.5239497;56.1712014;1564;Djurs
10.5280696;56.1677609;1565;Djurs
10.5280696;56.1639377;1566;Djurs
10.525323;56.1585846;1567;Djurs
10.5218898;56.1547605;1568;Djurs
10.5191432;56.1497887;1569;Djurs
10.5177699;56.1459637;1570;Djurs
10.5102168;56.1440511;1571;Djurs
10.501977;56.1459637;1572;Djurs
10.4916774;56.1459637;1573;Djurs
10.4820643;56.1421383;1574;Djurs
10.480691;56.13793;1575;Djurs
10.4854976;56.131808;1576;Djurs
10.4944239;56.1180299;1577;Djurs
10.51365;56.0935233;1578;Djurs
10.5212031;56.0981195;1579;Djurs
10.5321894;56.0992684;1580;Djurs
10.5411158;56.1019492;1581;Djurs
10.5493556;56.1019492;1582;Djurs
10.5521022;56.1065444;1583;Djurs
10.5555354;56.111139;1584;Djurs
10.558282;56.1172643;1585;Djurs
10.5569087;56.1237714;1586;Djurs
10.5575953;56.1287466;1587;Djurs
10.5534755;56.132956;1588;Djurs
10.5527888;56.1386952;1589;Djurs
10.5527888;56.1444336;1590;Djurs
10.5514155;56.1482587;1591;Djurs
10.5445491;56.151701;1592;Djurs
10.5404292;56.1574375;1593;Djurs
10.5356227;56.1608789;1594;Djurs
10.5342494;56.1654671;1595;Djurs
10.534936;56.1708192;1596;Djurs
10.536996;56.176935;1597;Djurs
10.5438624;56.1819034;1598;Djurs
10.5548488;56.1895458;1599;Djurs
10.5610286;56.1975686;1600;Djurs
10.5761348;56.2029163;1601;Djurs
10.5775081;56.209027;1602;Djurs
10.5816279;56.2136094;1603;Djurs
10.5850612;56.2208637;1604;Djurs
10.5981074;56.2239177;1605;Djurs
10.6042872;56.22888;1606;Djurs
10.6193934;56.2281166;1607;Djurs
10.6331263;56.2265898;1608;Djurs
10.6461726;56.2262081;1609;Djurs
10.6557856;56.2250629;1610;Djurs
10.666772;56.2216272;1611;Djurs
10.6729518;56.2151367;1612;Djurs
10.6777583;56.2101726;1613;Djurs
10.6770717;56.2021524;1614;Djurs
10.6715785;56.1979506;1615;Djurs
10.6674586;56.1948945;1616;Djurs
10.6681453;56.190692;1617;Djurs
10.664712;56.1861069;1618;Djurs
10.6571589;56.183432;1619;Djurs
10.6509791;56.1861069;1620;Djurs
10.6441127;56.1868711;1621;Djurs
10.6386195;56.1883995;1622;Djurs
10.6365596;56.1849605;1623;Djurs
10.6365596;56.1796103;1624;Djurs
10.6399928;56.1742594;1625;Djurs
10.645486;56.1689078;1626;Djurs
10.6530391;56.1631731;1627;Djurs
10.6619655;56.1601142;1628;Djurs
10.6681453;56.158967;1629;Djurs
10.6756984;56.155143;1630;Djurs
10.6811915;56.1528484;1631;Djurs
10.6805049;56.1490237;1632;Djurs
10.6798182;56.1455812;1633;Djurs
10.6894313;56.1417558;1634;Djurs
10.6969844;56.1394604;1635;Djurs
10.7086573;56.1402255;1636;Djurs
10.7182704;56.1417558;1637;Djurs
10.721017;56.1471112;1638;Djurs
10.7237635;56.1528484;1639;Djurs
10.7278834;56.1593494;1640;Djurs
10.7320033;56.1658494;1641;Djurs
10.7361232;56.1746417;1642;Djurs
10.740243;56.1799925;1643;Djurs
10.7347499;56.1971866;1644;Djurs
10.7354365;56.2105545;1645;Djurs
10.7409297;56.2208637;1646;Djurs
10.7477961;56.2304068;1647;Djurs
10.7663356;56.2391843;1648;Djurs
10.7793818;56.2441446;1649;Djurs
10.7951747;56.2441446;1650;Djurs
10.8041011;56.252919;1651;Djurs
10.815774;56.2590217;1652;Djurs
10.8219539;56.2716055;1653;Djurs
10.8281337;56.2830417;1654;Djurs
10.8418666;56.2940935;1655;Djurs
10.8569728;56.2979037;1656;Djurs
10.8658992;56.3009516;1657;Djurs
10.8713923;56.3116173;1658;Djurs
10.8844386;56.3211378;1659;Djurs
10.9153376;56.3439772;1660;Djurs
10.9160243;56.3660423;1661;Djurs
10.914651;56.3812522;1662;Djurs
10.9173976;56.3907552;1663;Djurs
10.9222041;56.3949359;1664;Djurs
10.9201442;56.4059553;1665;Djurs
10.9270106;56.4067151;1666;Djurs
10.9228907;56.4146925;1667;Djurs
10.935937;56.4238075;1668;Djurs
10.9297572;56.4257062;1669;Djurs
10.9366237;56.4333;1670;Djurs
10.9441768;56.4370963;1671;Djurs
10.9558497;56.4374759;1672;Djurs
10.9599696;56.4427901;1673;Djurs
10.9558497;56.4462059;1674;Djurs
10.9524165;56.4522778;1675;Djurs
10.9489833;56.4572105;1676;Djurs
10.9386836;56.4606251;1677;Djurs
10.9338771;56.4651773;1678;Djurs
10.924264;56.4704876;1679;Djurs
10.9153376;56.4704876;1680;Djurs
10.9009181;56.4807268;1681;Djurs
10.8871852;56.4845184;1682;Djurs
10.8789454;56.4860349;1683;Djurs
10.8727656;56.4921004;1684;Djurs
10.8672725;56.5038496;1685;Djurs
10.8652125;56.5125643;1686;Djurs
10.8617793;56.517868;1687;Djurs
10.8370601;56.5307452;1688;Djurs
10.8233271;56.5315026;1689;Djurs
10.8095942;56.5337745;1690;Djurs
10.794488;56.5371822;1691;Djurs
10.7800685;56.5379394;1692;Djurs
10.7663356;56.5379394;1693;Djurs
10.7526027;56.5345318;1694;Djurs
10.7230769;56.5303666;1695;Djurs
10.6990443;56.5307452;1696;Djurs
10.6743251;56.5296092;1697;Djurs
10.664712;56.5288518;1698;Djurs
10.6365596;56.5265796;1699;Djurs
10.6200801;56.5243072;1700;Djurs
10.5981074;56.5190044;1701;Djurs
10.5788813;56.5174892;1702;Djurs
10.5617152;56.5163528;1703;Djurs
10.5397426;56.5137009;1704;Djurs
10.5143367;56.5137009;1705;Djurs
10.4951106;56.5148374;1706;Djurs
10.4779445;56.5174892;1707;Djurs
10.4648982;56.5208983;1708;Djurs
10.4367457;56.5231709;1709;Djurs
10.4147731;56.5292305;1710;Djurs
10.4003535;56.5352891;1711;Djurs
10.3845607;56.542861;1712;Djurs
10.3735743;56.5523237;1713;Djurs
10.3598414;56.5610273;1714;Djurs
10.3502284;56.5704855;1715;Djurs
10.3454219;56.5806977;1716;Djurs
10.3426753;56.590151;1717;Djurs
10.3433619;56.5961999;1718;Djurs
10.3282557;56.6007359;1719;Djurs
10.3186427;56.6026257;1720;Djurs
10.3117762;56.6060272;1721;Djurs
10.3007899;56.6075388;1722;Djurs
10.2994166;56.6033816;1723;Djurs
10.29873;56.5980899;1724;Djurs
10.3014766;56.5946877;1725;Djurs
10.3021632;56.5909072;1726;Djurs
10.2959834;56.5871262;1727;Djurs
10.2911769;56.5833449;1728;Djurs
10.2849971;56.5799414;1729;Djurs
10.275384;56.5788068;1730;Djurs
10.2698909;56.5757811;1731;Djurs
10.2671443;56.5719986;1732;Djurs
10.2650843;56.5689724;1733;Djurs
10.2602778;56.5648109;1734;Djurs
10.2568446;56.5617841;1735;Djurs
10.2520381;56.558757;1736;Djurs
10.2513514;56.5549729;1737;Djurs
10.2520381;56.5523237;1738;Djurs
10.2479182;56.5481604;1739;Djurs
10.2403651;56.5474034;1740;Djurs
10.2383052;56.5432395;1741;Djurs
10.232812;56.5424824;1742;Djurs
10.2293788;56.5451323;1743;Djurs
10.2293788;56.5371822;1744;Djurs
10.2293788;56.5318813;1745;Djurs
10.2307521;56.5258221;1746;Djurs
10.2300654;56.5212771;1747;Djurs
10.2341853;56.5148374;1748;Djurs
10.2341853;56.5102911;1749;Djurs
10.232812;56.5065021;1750;Djurs
10.2341853;56.5015758;1751;Djurs
10.2341853;56.4974069;1752;Djurs
10.2334987;56.4924795;1753;Djurs
10.2300654;56.4875514;1754;Djurs
10.2273188;56.4841392;1755;Djurs
9.6102051;56.3500434;1756;MØ
9.5964684;56.3414271;1757;MØ
9.5923486;56.3357182;1758;MØ
9.5889153;56.3269628;1759;MØ
9.5930352;56.318967;1760;MØ
9.6074548;56.3113504;1761;MØ
9.608828;56.3029704;1762;MØ
9.5882287;56.275532;1763;MØ
9.5648827;56.2312843;1764;MØ
9.5278039;56.1820177;1765;MØ
9.5072045;56.1629051;1766;MØ
9.264132;56.065666;1767;MØ
9.2833581;56.0073582;1768;MØ
9.3135705;55.959726;1769;MØ
9.3389764;55.9355032;1770;MØ
9.4117608;55.9247327;1771;MØ
9.5635094;55.906262;1772;MØ
9.7125115;55.882391;1773;MØ
9.8731866;55.854266;1774;MØ
9.8766198;55.8615881;1775;MØ
9.8882928;55.8615881;1776;MØ
9.8944726;55.866212;1777;MØ
9.9082055;55.8631295;1778;MØ
9.9185052;55.8577345;1779;MØ
9.9267449;55.8612028;1780;MØ
9.9452843;55.8596614;1781;MØ
9.9631371;55.8596614;1782;MØ
9.9658837;55.8639001;1783;MØ
9.9610772;55.8677531;1784;MØ
9.9679436;55.8800801;1785;MØ
9.9974694;55.8793098;1786;MØ
10.011889;55.8754579;1787;MØ
10.0352349;55.8766135;1788;MØ
10.0482812;55.8777691;1789;MØ
10.0688805;55.8812356;1790;MØ
10.0771203;55.8850868;1791;MØ
10.1004662;55.8816207;1792;MØ
10.1114526;55.8827761;1793;MØ
10.1121392;55.8789246;1794;MØ
10.1121392;55.8743023;1795;MØ
10.1176324;55.8716057;1796;MØ
10.1141991;55.8658267;1797;MØ
10.1018395;55.866212;1798;MØ
10.08742;55.8665973;1799;MØ
10.0723138;55.8681384;1800;MØ
10.0592675;55.8696795;1801;MØ
10.0496545;55.8646707;1802;MØ
10.0441613;55.8596614;1803;MØ
10.0366082;55.8527243;1804;MØ
10.0345483;55.8434729;1805;MØ
10.0462212;55.8423163;1806;MØ
10.052401;55.8469424;1807;MØ
10.066134;55.8477134;1808;MØ
10.0805535;55.8492553;1809;MØ
10.0929131;55.856193;1810;MØ
10.1059594;55.8596614;1811;MØ
10.1190057;55.8596614;1812;MØ
10.1196923;55.8635148;1813;MØ
10.1272454;55.8739171;1814;MØ
10.1293053;55.8793098;1815;MØ
10.1354852;55.8804653;1816;MØ
10.1444115;55.8743023;1817;MØ
10.1450982;55.8696795;1818;MØ
10.1409783;55.8658267;1819;MØ
10.139605;55.8604321;1820;MØ
10.1437249;55.8573492;1821;MØ
10.1553979;55.8507971;1822;MØ
10.1622643;55.8454004;1823;MØ
10.1945367;55.8380752;1824;MØ
10.1993432;55.8438584;1825;MØ
10.1917901;55.8492553;1826;MØ
10.1945367;55.8534951;1827;MØ
10.2027764;55.8581199;1828;MØ
10.2020898;55.8646707;1829;MØ
10.1965966;55.8700647;1830;MØ
10.1917901;55.8785395;1831;MØ
10.1917901;55.8862422;1832;MØ
10.1986565;55.8881676;1833;MØ
10.2048363;55.8862422;1834;MØ
10.2103295;55.8900929;1835;MØ
10.2226891;55.8981783;1836;MØ
10.2329888;55.9035676;1837;MØ
10.2467217;55.9112654;1838;MØ
10.2556481;55.9108805;1839;MØ
10.2611413;55.9116502;1840;MØ
10.2577081;55.9162681;1841;MØ
10.2604546;55.931657;1842;MØ
10.2611413;55.9381954;1843;MØ
10.2625146;55.9505001;1844;MØ
10.2673211;55.9578041;1845;MØ
10.2632012;55.965491;1846;MØ
10.2515282;55.9808604;1847;MØ
10.2535882;55.9916153;1848;MØ
10.2611413;56.0023672;1849;MØ
10.2666344;56.0119646;1850;MØ
10.281054;56.0219434;1851;MØ
10.2659478;56.0261644;1852;MØ
10.271441;56.0376739;1853;MØ
10.271441;56.0472625;1854;MØ
10.2632012;56.0564654;1855;MØ
10.2563348;56.0717986;1856;MØ
10.2529015;56.0813787;1857;MØ
10.2487817;56.0921057;1858;MØ
10.2391686;56.1039785;1859;MØ
10.2309289;56.1146991;1860;MØ
10.2254357;56.1223549;1861;MØ
10.2137627;56.1300091;1862;MØ
10.2096429;56.1349836;1863;MØ
10.2144494;56.1399574;1864;MØ
10.2137627;56.1556398;1865;MØ
10.2185693;56.1659637;1866;MØ
10.2281823;56.1739915;1867;MØ
10.2439751;56.1881317;1868;MØ
10.2604546;56.1957729;1869;MØ
10.2803674;56.2007388;1870;MØ
10.2892937;56.2087593;1871;MØ
10.2975335;56.2213597;1872;MØ
10.3085198;56.2282308;1873;MØ
10.3311791;56.2309026;1874;MØ
10.3394189;56.2366272;1875;MØ
10.3394189;56.2438772;1876;MØ
10.3524651;56.2488369;1877;MØ
10.3455987;56.2598985;1878;MØ
10.3476586;56.2637122;1879;MØ
10.3607049;56.2724821;1880;MØ
10.3689446;56.2705757;1881;MØ
10.3764977;56.2694319;1882;MØ
10.3888573;56.2782005;1883;MØ
10.3833642;56.2858237;1884;MØ
10.3813042;56.2903969;1885;MØ
10.3929772;56.2938264;1886;MØ
10.4032769;56.290778;1887;MØ
10.4101434;56.2942075;1888;MØ
10.4154597;56.2899018;1889;MØ
10.4142632;56.3242977;1890;MØ
10.41083;56.3695788;1891;MØ
10.4065333;56.3953159;1892;MØ
10.3627648;56.4250603;1893;MØ
10.3387322;56.4436627;1894;MØ
10.30234;56.4664288;1895;MØ
10.2851739;56.4687046;1896;MØ
10.2659478;56.467946;1897;MØ
10.2556481;56.4675667;1898;MØ
10.2391686;56.4702218;1899;MØ
10.226809;56.4732559;1900;MØ
10.2192559;56.4751521;1901;MØ
10.2041497;56.4713596;1902;MØ
10.1904206;56.4727413;1903;MØ
10.1341156;56.4568091;1904;MØ
10.0942902;56.465914;1905;MØ
10.0688843;56.4632587;1906;MØ
10.0517182;56.4579474;1907;MØ
10.0166992;56.4552914;1908;MØ
9.9940399;56.4378336;1909;MØ
9.9466614;56.4188485;1910;MØ
9.9130158;56.407073;1911;MØ
9.8779968;56.397574;1912;MØ
9.7791199;56.3933937;1913;MØ
9.7152581;56.3809857;1914;MØ
9.6788659;56.3718604;1915;MØ
9.6472802;56.3615919;1916;MØ
9.6102051;56.3500434;1917;MØ
9.4908637;56.1564991;1918;MV
9.5072045;56.1629051;1919;MV
9.5350371;56.1909567;1920;MV
9.5480833;56.2119647;1921;MV
9.5748625;56.2493686;1922;MV
9.5882287;56.275532;1923;MV
9.608828;56.3029704;1924;MV
9.6002684;56.3088342;1925;MV
9.5885954;56.3107386;1926;MV
9.579669;56.3191169;1927;MV
9.5741759;56.3278741;1928;MV
9.5762358;56.3354874;1929;MV
9.5803557;56.3434797;1930;MV
9.5851622;56.3491875;1931;MV
9.6102051;56.3500434;1932;MV
9.5787544;56.3594036;1933;MV
9.5423622;56.3833606;1934;MV
9.5017151;56.413531;1935;MV
9.4798774;56.4297106;1936;MV
9.4331855;56.4691776;1937;MV
9.4172577;56.4890459;1938;MV
9.3720741;56.5358745;1939;MV
9.3658943;56.5343599;1940;MV
9.3583412;56.5354959;1941;MV
9.3494148;56.5381462;1942;MV
9.3377418;56.5411749;1943;MV
9.3281288;56.5385248;1944;MV
9.3233222;56.533224;1945;MV
9.3123359;56.5294373;1946;MV
9.3068428;56.5336027;1947;MV
9.2972297;56.5324667;1948;MV
9.2876167;56.5366317;1949;MV
9.2786903;56.5415535;1950;MV
9.2670173;56.5498811;1951;MV
9.2608375;56.5551795;1952;MV
9.2608375;56.5593421;1953;MV
9.256031;56.5650175;1954;MV
9.256031;56.5688007;1955;MV
9.2546577;56.5714487;1956;MV
9.2484779;56.5706921;1957;MV
9.2464179;56.57334;1958;MV
9.2491645;56.5763659;1959;MV
9.2532844;56.5809042;1960;MV
9.2553443;56.5843077;1961;MV
9.2553443;56.588467;1962;MV
9.2546577;56.5926259;1963;MV
9.2594642;56.5911136;1964;MV
9.2663307;56.5926259;1965;MV
9.2752571;56.5967843;1966;MV
9.2876167;56.5998083;1967;MV
9.2876167;56.6028321;1968;MV
9.2883033;56.6066115;1969;MV
9.2937965;56.6115241;1970;MV
9.2917366;56.6153026;1971;MV
9.2876167;56.6202141;1972;MV
9.2807502;56.623614;1973;MV
9.2711372;56.6255027;1974;MV
9.2649574;56.6239917;1975;MV
9.2580909;56.6247472;1976;MV
9.2594642;56.6281467;1977;MV
9.2525978;56.6273913;1978;MV
9.2422981;56.6281467;1979;MV
9.2361183;56.6273913;1980;MV
9.2237586;56.627769;1981;MV
9.213459;56.6296575;1982;MV
9.2024726;56.6285244;1983;MV
9.1956062;56.623614;1984;MV
9.1887397;56.6205919;1985;MV
9.1770668;56.6209697;1986;MV
9.1660804;56.6232362;1987;MV
9.159214;56.6266359;1988;MV
9.1537208;56.6311682;1989;MV
9.1509742;56.6379657;1990;MV
9.1502876;56.6417416;1991;MV
9.1557807;56.6462721;1992;MV
9.1544074;56.6504246;1993;MV
9.1496009;56.6534444;1994;MV
9.1447944;56.6485372;1995;MV
9.1434211;56.6436294;1996;MV
9.1413612;56.6375881;1997;MV
9.137928;56.6334342;1998;MV
9.1296882;56.6304129;1999;MV
9.124195;56.6262581;2000;MV
9.1152687;56.6232362;2001;MV
9.114582;56.6190807;2002;MV
9.1248817;56.6156804;2003;MV
9.1338081;56.6171917;2004;MV
9.1420478;56.6190807;2005;MV
9.1496009;56.6198363;2006;MV
9.1537208;56.6164361;2007;MV
9.1544074;56.6115241;2008;MV
9.1502876;56.608501;2009;MV
9.1447944;56.6047218;2010;MV
9.1338081;56.6009423;2011;MV
9.126255;56.6005643;2012;MV
9.1235084;56.603588;2013;MV
9.1193885;56.6081231;2014;MV
9.1097755;56.6077452;2015;MV
9.1022224;56.6050998;2016;MV
9.0939826;56.603588;2017;MV
9.0905494;56.5975403;2018;MV
9.0891761;56.5892232;2019;MV
9.0905494;56.5846858;2020;MV
9.0981025;56.5790133;2021;MV
9.0974159;56.5740965;2022;MV
9.0912361;56.5684224;2023;MV
9.0823097;56.5631258;2024;MV
9.0781898;56.5570716;2025;MV
9.0658302;56.5532873;2026;MV
9.0596504;56.5551795;2027;MV
9.050724;56.5593421;2028;MV
9.0548439;56.5635041;2029;MV
9.0541572;56.5669091;2030;MV
9.0562171;56.5710704;2031;MV
9.0548439;56.5756094;2032;MV
9.0493507;56.5797697;2033;MV
9.0459175;56.5831732;2034;MV
9.0438575;56.588467;2035;MV
9.0438575;56.59376;2036;MV
9.0438575;56.5975403;2037;MV
9.0438575;56.603588;2038;MV
9.0431709;56.6088789;2039;MV
9.0479774;56.6130355;2040;MV
9.0500373;56.6175695;2041;MV
9.0534706;56.6213474;2042;MV
9.0534706;56.6273913;2043;MV
9.0569038;56.6304129;2044;MV
9.0658302;56.6334342;2045;MV
9.0823097;56.6424967;2046;MV
9.0926094;56.6451395;2047;MV
9.1022224;56.6432518;2048;MV
9.0994758;56.6496697;2049;MV
9.0994758;56.6545767;2050;MV
9.0987892;56.6591057;2051;MV
9.0946693;56.6640115;2052;MV
9.1008491;56.6692939;2053;MV
9.1111488;56.6651435;2054;MV
9.1180152;56.6666528;2055;MV
9.1193885;56.6726894;2056;MV
9.1228218;56.6794794;2057;MV
9.1372413;56.6934329;2058;MV
9.1502876;56.6994652;2059;MV
9.1585273;56.7036118;2060;MV
9.1708869;56.7058735;2061;MV
9.1743202;56.71115;2062;MV
9.1674537;56.7152954;2063;MV
9.1619605;56.7194403;2064;MV
9.1557807;56.7239615;2065;MV
9.147541;56.7292356;2066;MV
9.1386146;56.7345089;2067;MV
9.1290016;56.7420409;2068;MV
9.1248817;56.7476889;2069;MV
9.1187019;56.7563475;2070;MV
9.1152687;56.7627461;2071;MV
9.1111488;56.7665095;2072;MV
9.1084022;56.7800545;2073;MV
9.1138954;56.7856968;2074;MV
9.1084022;56.7879535;2075;MV
9.0953559;56.7917143;2076;MV
9.0871162;56.7954748;2077;MV
9.0699501;56.8018667;2078;MV
9.0637702;56.8011148;2079;MV
9.0514106;56.7999868;2080;MV
9.0411109;56.8011148;2081;MV
9.0328712;56.8003628;2082;MV
9.0260047;56.8026186;2083;MV
9.0225715;56.8060021;2084;MV
9.0225715;56.810137;2085;MV
9.0260047;56.8138956;2086;MV
9.0308113;56.817278;2087;MV
9.0376777;56.8187812;2088;MV
9.0438575;56.8210359;2089;MV
9.048664;56.8206601;2090;MV
9.0548439;56.817278;2091;MV
9.0610237;56.8195328;2092;MV
9.0699501;56.8229147;2093;MV
9.0768165;56.8259206;2094;MV
9.0754432;56.8296776;2095;MV
9.0672035;56.8293019;2096;MV
9.0589637;56.831556;2097;MV
9.0596504;56.836815;2098;MV
9.0644569;56.8398197;2099;MV
9.0795631;56.844702;2100;MV
9.0637702;56.8431998;2101;MV
9.050724;56.845453;2102;MV
9.0349311;56.8462041;2103;MV
9.0184516;56.844702;2104;MV
9.0040321;56.8435754;2105;MV
8.9841194;56.8405709;2106;MV
8.9696998;56.8390686;2107;MV
8.9594001;56.8390686;2108;MV
8.951847;56.8330586;2109;MV
8.9594001;56.831556;2110;MV
8.9655799;56.8281749;2111;MV
8.9710731;56.8232905;2112;MV
8.9738197;56.8180296;2113;MV
8.9786262;56.8120163;2114;MV
8.9648933;56.8018667;2115;MV
8.9504737;56.7969788;2116;MV
8.9298744;56.7905861;2117;MV
8.9257545;56.7845684;2118;MV
8.9161415;56.7766687;2119;MV
8.9030952;56.771025;2120;MV
8.8811225;56.7646279;2121;MV
8.8735694;56.7631225;2122;MV
8.8632698;56.7638752;2123;MV
8.8708229;56.7555947;2124;MV
8.8701362;56.7525832;2125;MV
8.8639564;56.7484419;2126;MV
8.8543434;56.7439236;2127;MV
8.8515968;56.7394048;2128;MV
8.8495368;56.7348855;2129;MV
8.845417;56.7318723;2130;MV
8.8406105;56.7273521;2131;MV
8.8378639;56.723208;2132;MV
8.8371772;56.7190635;2133;MV
8.8316841;56.7149186;2134;MV
8.8275642;56.7103963;2135;MV
8.8255043;56.7058735;2136;MV
8.8309974;56.7066273;2137;MV
8.8364906;56.7073811;2138;MV
8.8440437;56.707758;2139;MV
8.8529701;56.707758;2140;MV
8.8570899;56.7107732;2141;MV
8.8625831;56.7115269;2142;MV
8.8694496;56.707758;2143;MV
8.8742561;56.7047427;2144;MV
8.878376;56.7081349;2145;MV
8.8818092;56.7126575;2146;MV
8.8838691;56.7164259;2147;MV
8.8852424;56.7115269;2148;MV
8.887989;56.707758;2149;MV
8.8948554;56.7073811;2150;MV
8.8969154;56.7103963;2151;MV
8.9037818;56.7100194;2152;MV
8.9106483;56.7096425;2153;MV
8.9168281;56.7062504;2154;MV
8.9175147;56.702104;2155;MV
8.9175147;56.6975802;2156;MV
8.9106483;56.694941;2157;MV
8.9037818;56.6926788;2158;MV
8.8948554;56.6926788;2159;MV
8.8873023;56.694187;2160;MV
8.8838691;56.6983342;2161;MV
8.8818092;56.702104;2162;MV
8.8749427;56.702104;2163;MV
8.8680763;56.6987112;2164;MV
8.8680763;56.6953181;2165;MV
8.8694496;56.6915476;2166;MV
8.8529701;56.6934329;2167;MV
8.8481636;56.6885309;2168;MV
8.8399238;56.685514;2169;MV
8.8351173;56.6881538;2170;MV
8.824131;56.6919246;2171;MV
8.8200111;56.6956951;2172;MV
8.812458;56.6934329;2173;MV
8.8035316;56.6870225;2174;MV
8.7932319;56.6813653;2175;MV
8.7843055;56.6741984;2176;MV
8.7822456;56.6670301;2177;MV
8.7760658;56.6549541;2178;MV
8.7637062;56.6451395;2179;MV
8.7486;56.6360777;2180;MV
8.7334938;56.6258804;2181;MV
8.7225074;56.6224807;2182;MV
8.7108345;56.6228585;2183;MV
8.6991615;56.6266359;2184;MV
8.6868019;56.6270136;2185;MV
8.6792488;56.625125;2186;MV
8.6765022;56.6205919;2187;MV
8.6771888;56.6153026;2188;MV
8.6758155;56.6103905;2189;MV
8.6895484;56.6077452;2190;MV
8.6964149;56.5960283;2191;MV
8.7025947;56.5854421;2192;MV
8.7142677;56.5793915;2193;MV
8.7280006;56.5729617;2194;MV
8.7492866;56.5661525;2195;MV
8.7588996;56.5616123;2196;MV
8.7623329;56.5559364;2197;MV
8.7609596;56.5483671;2198;MV
8.7472267;56.5468531;2199;MV
8.7417335;56.5381462;2200;MV
8.7362403;56.5290586;2201;MV
8.7424201;56.51959;2202;MV
8.7417335;56.5116346;2203;MV
8.7424201;56.5002669;2204;MV
8.7431068;56.4934446;2205;MV
8.7417335;56.4862419;2206;MV
8.7341804;56.4794171;2207;MV
8.7183876;56.4775211;2208;MV
8.7080879;56.4737288;2209;MV
8.6840553;56.4699362;2210;MV
8.6620826;56.4672811;2211;MV
8.6414833;56.468419;2212;MV
8.6263771;56.4722118;2213;MV
8.6215705;56.4767627;2214;MV
8.6147041;56.4805547;2215;MV
8.6140174;56.4862419;2216;MV
8.6112709;56.4907911;2217;MV
8.6105842;56.4995089;2218;MV
8.5968513;56.4934446;2219;MV
8.5851783;56.4953398;2220;MV
8.5776252;56.4942027;2221;MV
8.5666389;56.4945817;2222;MV
8.5570259;56.4979929;2223;MV
8.552906;56.4930655;2224;MV
8.5522193;56.4870002;2225;MV
8.5494728;56.483588;2226;MV
8.5384864;56.4824505;2227;MV
8.5268135;56.4820714;2228;MV
8.5288734;56.4858628;2229;MV
8.5364265;56.4866211;2230;MV
8.5446662;56.4885166;2231;MV
8.5453529;56.4945817;2232;MV
8.5453529;56.4987509;2233;MV
8.5522193;56.5017828;2234;MV
8.5652656;56.5044354;2235;MV
8.5769386;56.5063301;2236;MV
8.583805;56.5002669;2237;MV
8.5913581;56.5070879;2238;MV
8.595478;56.5127712;2239;MV
8.6016578;56.5192113;2240;MV
8.5934181;56.5252715;2241;MV
8.5892982;56.5324667;2242;MV
8.5844917;56.5381462;2243;MV
8.574192;56.5449604;2244;MV
8.5776252;56.5502596;2245;MV
8.5700721;56.5589637;2246;MV
8.5680122;56.5642608;2247;MV
8.564579;56.5797697;2248;MV
8.5604591;56.5680441;2249;MV
8.5522193;56.5593421;2250;MV
8.5446662;56.5548011;2251;MV
8.5357398;56.5468531;2252;MV
8.519947;56.5423106;2253;MV
8.510334;56.541932;2254;MV
8.4993476;56.5449604;2255;MV
8.4966011;56.5487456;2256;MV
8.4883613;56.5532873;2257;MV
8.4732551;56.5570716;2258;MV
8.4595222;56.5593421;2259;MV
8.4416694;56.5661525;2260;MV
8.4258766;56.5684224;2261;MV
8.4011573;56.5767441;2262;MV
8.3887977;56.5786351;2263;MV
8.3764381;56.5771223;2264;MV
8.3510322;56.5759876;2265;MV
8.3414192;56.5759876;2266;MV
8.3297462;56.5778787;2267;MV
8.3215064;56.5759876;2268;MV
8.3091468;56.5722052;2269;MV
8.3057136;56.5676658;2270;MV
8.305027;56.5623691;2271;MV
8.305027;56.5566932;2272;MV
8.3084602;56.5517735;2273;MV
8.3009071;56.551395;2274;MV
8.2967872;56.5566932;2275;MV
8.2967872;56.5623691;2276;MV
8.2967872;56.5676658;2277;MV
8.2919807;56.5703138;2278;MV
8.2864875;56.5763659;2279;MV
8.2830543;56.5820388;2280;MV
8.2871742;56.5865765;2281;MV
8.2940406;56.5873327;2282;MV
8.3002204;56.5896013;2283;MV
8.3064002;56.5873327;2284;MV
8.3064002;56.5907355;2285;MV
8.3002204;56.5948942;2286;MV
8.2864875;56.5982963;2287;MV
8.2686347;56.5975403;2288;MV
8.2466621;56.6009423;2289;MV
8.2329292;56.6050998;2290;MV
8.2301826;56.6103905;2291;MV
8.2308692;56.6190807;2292;MV
8.2233161;56.6202141;2293;MV
8.2315559;56.6239917;2294;MV
8.2288093;56.6266359;2295;MV
8.2137031;56.6311682;2296;MV
8.196537;56.6345671;2297;MV
8.1814308;56.6353224;2298;MV
8.1711311;56.6353224;2299;MV
8.1628913;56.6368329;2300;MV
8.1649513;56.6421192;2301;MV
8.1697578;56.6481597;2302;MV
8.1786842;56.6474047;2303;MV
8.1862373;56.6474047;2304;MV
8.1855506;56.652312;2305;MV
8.1985969;56.6534444;2306;MV
8.2047767;56.6515571;2307;MV
8.2171363;56.6549541;2308;MV
8.2116432;56.6602379;2309;MV
8.20615;56.6658982;2310;MV
8.2171363;56.6745757;2311;MV
8.2233161;56.6734439;2312;MV
8.2301826;56.6824968;2313;MV
8.2233161;56.6843826;2314;MV
8.2233161;56.6881538;2315;MV
8.2260627;56.6934329;2316;MV
8.2205696;56.7009731;2317;MV
8.2212562;56.7062504;2318;MV
8.2130165;56.7100194;2319;MV
8.2006568;56.7005961;2320;MV
8.1903572;56.6885309;2321;MV
8.1725044;56.6666528;2322;MV
8.1601448;56.6462721;2323;MV
8.1525917;56.6224807;2324;MV
8.1264991;56.5627474;2325;MV
8.1196327;56.5411749;2326;MV
8.1155128;56.5173172;2327;MV
8.121006;56.490412;2328;MV
8.1264991;56.4706947;2329;MV
8.121006;56.4338869;2330;MV
8.1175727;56.3734754;2331;MV
8.1203193;56.3415211;2332;MV
8.1237525;56.2943016;2333;MV
8.130619;56.2588486;2334;MV
8.130619;56.2225992;2335;MV
8.1148261;56.1580287;2336;MV
8.109333;56.1243631;2337;MV
8.1058998;56.0979456;2338;MV
8.0990333;56.0649941;2339;MV
8.0997199;56.035467;2340;MV
8.1086463;56.0089885;2341;MV
8.1161994;55.9974705;2342;MV
8.1292457;55.9836443;2343;MV
8.1429786;55.9455967;2344;MV
8.1622047;55.8493505;2345;MV
8.1690711;55.8269872;2346;MV
8.1814308;55.8381704;2347;MV
8.184864;55.848965;2348;MV
8.1924171;55.8516632;2349;MV
8.2027168;55.8543611;2350;MV
8.2068366;55.8628393;2351;MV
8.2068366;55.8701599;2352;MV
8.1979103;55.8732418;2353;MV
8.1951637;55.8797901;2354;MV
8.2013435;55.8797901;2355;MV
8.2109565;55.8817158;2356;MV
8.2075233;55.8890328;2357;MV
8.2054634;55.8940384;2358;MV
8.2116432;55.8975034;2359;MV
8.2246894;55.8971184;2360;MV
8.2329292;55.8975034;2361;MV
8.2459754;55.8967335;2362;MV
8.2569618;55.8928833;2363;MV
8.272068;55.8890328;2364;MV
8.2755012;55.8813307;2365;MV
8.2803077;55.8767087;2366;MV
8.2652015;55.8709304;2367;MV
8.2597084;55.8655365;2368;MV
8.2638282;55.8532049;2369;MV
8.2590217;55.8474231;2370;MV
8.2658882;55.8416404;2371;MV
8.2727546;55.8443391;2372;MV
8.2885475;55.8532049;2373;MV
8.305027;55.8616833;2374;MV
8.3256263;55.8690041;2375;MV
8.3297462;55.8747827;2376;MV
8.3400459;55.8801752;2377;MV
8.3661384;55.8975034;2378;MV
8.3881111;55.906742;2379;MV
8.5089607;55.9159783;2380;MV
8.6270637;55.9329059;2381;MV
8.7808723;55.9459812;2382;MV
8.8818092;55.9479037;2383;MV
8.9745063;55.9602053;2384;MV
9.0795631;55.9932463;2385;MV
9.264132;56.065666;2386;MV
9.3755073;56.1101995;2387;MV
9.4908637;56.1564991;2388;MV
8.6711788;55.341375;2389;Sy
8.697958;55.3362984;2390;Sy
8.7247372;55.3355173;2391;Sy
8.7473965;55.3339551;2392;Sy
8.7631893;55.333174;2393;Sy
8.7906551;55.3390321;2394;Sy
8.8339138;55.346451;2395;Sy
8.870306;55.358943;2396;Sy
8.881979;55.3690898;2397;Sy
8.8909054;55.3729917;2398;Sy
8.9046383;55.3776736;2399;Sy
8.9533901;55.3776736;2400;Sy
9.0282345;55.3757229;2401;Sy
9.1483975;55.3737721;2402;Sy
9.2884731;55.3718212;2403;Sy
9.3674374;55.3737721;2404;Sy
9.4663143;55.3726016;2405;Sy
9.5672512;55.3726016;2406;Sy
9.5768642;55.3741622;2407;Sy
9.5878506;55.3722114;2408;Sy
9.5960903;55.3690898;2409;Sy
9.6002102;55.3655777;2410;Sy
9.60639;55.3651875;2411;Sy
9.6173763;55.3729917;2412;Sy
9.6201229;55.383135;2413;Sy
9.6214962;55.3913257;2414;Sy
9.6166897;55.3948354;2415;Sy
9.6057034;55.4049731;2416;Sy
9.594717;55.413549;2417;Sy
9.594717;55.4201746;2418;Sy
9.5995236;55.4283576;2419;Sy
9.6146298;55.4299161;2420;Sy
9.6304226;55.4306953;2421;Sy
9.6496487;55.4345912;2422;Sy
9.6661282;55.4416027;2423;Sy
9.6764278;55.4493919;2424;Sy
9.6867275;55.4509496;2425;Sy
9.6922207;55.4575689;2426;Sy
9.6956539;55.4630193;2427;Sy
9.6839809;55.4661334;2428;Sy
9.6757412;55.4692473;2429;Sy
9.670248;55.4758636;2430;Sy
9.6585751;55.4813114;2431;Sy
9.6517086;55.4859804;2432;Sy
9.6407223;55.4910379;2433;Sy
9.6311092;55.4937608;2434;Sy
9.6269894;55.4980394;2435;Sy
9.6201229;55.4976504;2436;Sy
9.6125698;55.4949278;2437;Sy
9.6043301;55.4960946;2438;Sy
9.5988369;55.4929829;2439;Sy
9.5933437;55.4887037;2440;Sy
9.5878506;55.4867585;2441;Sy
9.5802975;55.4867585;2442;Sy
9.573431;55.4883147;2443;Sy
9.5699978;55.4925939;2444;Sy
9.563818;55.4922049;2445;Sy
9.5555782;55.4914269;2446;Sy
9.5466518;55.4914269;2447;Sy
9.540472;55.4887037;2448;Sy
9.530859;55.4875366;2449;Sy
9.5178127;55.4855914;2450;Sy
9.509573;55.4844242;2451;Sy
9.5027065;55.4871476;2452;Sy
9.4958401;55.4890928;2453;Sy
9.5040798;55.4918159;2454;Sy
9.4979;55.4945388;2455;Sy
9.4979;55.4976504;2456;Sy
9.5040798;55.4992062;2457;Sy
9.5109463;55.500373;2458;Sy
9.5184994;55.5007619;2459;Sy
9.5246792;55.4984283;2460;Sy
9.5370388;55.4976504;2461;Sy
9.5590115;55.4984283;2462;Sy
9.5768642;55.4984283;2463;Sy
9.5864773;55.4992062;2464;Sy
9.5830441;55.5065951;2465;Sy
9.5768642;55.5100947;2466;Sy
9.5768642;55.5135939;2467;Sy
9.5878506;55.5170928;2468;Sy
9.5912838;55.5213689;2469;Sy
9.6015835;55.519814;2470;Sy
9.6077633;55.5155378;2471;Sy
9.6098232;55.5112611;2472;Sy
9.6214962;55.5104835;2473;Sy
9.6283627;55.5143715;2474;Sy
9.639349;55.5097059;2475;Sy
9.6482754;55.5128163;2476;Sy
9.6668148;55.5233124;2477;Sy
9.672308;55.528365;2478;Sy
9.6949673;55.5252558;2479;Sy
9.7169399;55.5205914;2480;Sy
9.7334194;55.5170928;2481;Sy
9.7423458;55.519814;2482;Sy
9.7437191;55.5233124;2483;Sy
9.7389126;55.5295309;2484;Sy
9.7279263;55.5454614;2485;Sy
9.7292996;55.5543953;2486;Sy
9.7382259;55.5586673;2487;Sy
9.7471523;55.5590556;2488;Sy
9.7553921;55.5594439;2489;Sy
9.7698116;55.5559488;2490;Sy
9.7704983;55.5617739;2491;Sy
9.7698116;55.5679863;2492;Sy
9.7753048;55.5734214;2493;Sy
9.7835445;55.5788558;2494;Sy
9.7924709;55.582737;2495;Sy
9.7924709;55.5920504;2496;Sy
9.8144436;55.6033011;2497;Sy
9.8261166;55.6064041;2498;Sy
9.832983;55.6122217;2499;Sy
9.8467159;55.6160996;2500;Sy
9.8577023;55.6234666;2501;Sy
9.8597622;55.6265681;2502;Sy
9.8432827;55.6250174;2503;Sy
9.8302364;55.6277311;2504;Sy
9.8192501;55.6277311;2505;Sy
9.8068905;55.6277311;2506;Sy
9.7924709;55.6250174;2507;Sy
9.7704983;55.6234666;2508;Sy
9.7553921;55.6234666;2509;Sy
9.7498989;55.6265681;2510;Sy
9.7464657;55.6319951;2511;Sy
9.745779;55.6393591;2512;Sy
9.7416592;55.6513711;2513;Sy
9.7375393;55.6591188;2514;Sy
9.726553;55.6629921;2515;Sy
9.71488;55.6664777;2516;Sy
9.7045803;55.6637667;2517;Sy
9.6949673;55.6707375;2518;Sy
9.6881008;55.6780942;2519;Sy
9.6826077;55.6854496;2520;Sy
9.6661282;55.6951255;2521;Sy
9.6572018;55.6904814;2522;Sy
9.6496487;55.6916425;2523;Sy
9.6441555;55.6951255;2524;Sy
9.6338558;55.6939645;2525;Sy
9.6166897;55.6931905;2526;Sy
9.5974636;55.6924165;2527;Sy
9.585104;55.6904814;2528;Sy
9.5741177;55.6935775;2529;Sy
9.5603848;55.6982213;2530;Sy
9.5562649;55.7013169;2531;Sy
9.561758;55.7044122;2532;Sy
9.5555782;55.7090547;2533;Sy
9.561758;55.7113758;2534;Sy
9.5665646;55.7071204;2535;Sy
9.5727444;55.7059598;2536;Sy
9.5864773;55.705186;2537;Sy
9.5919704;55.7075073;2538;Sy
9.6043301;55.7055729;2539;Sy
9.618063;55.7078941;2540;Sy
9.6317959;55.7094416;2541;Sy
9.6386623;55.7075073;2542;Sy
9.6565151;55.7102153;2543;Sy
9.6681881;55.7113758;2544;Sy
9.681921;55.7109889;2545;Sy
9.693594;55.7071204;2546;Sy
9.6997738;55.7028646;2547;Sy
9.71488;55.7032515;2548;Sy
9.7189999;55.6986083;2549;Sy
9.7258663;55.6955125;2550;Sy
9.7292996;55.6916425;2551;Sy
9.736166;55.687772;2552;Sy
9.7450924;55.6839012;2553;Sy
9.7471523;55.6804171;2554;Sy
9.7588253;55.6804171;2555;Sy
9.7711849;55.68003;2556;Sy
9.7828579;55.6811914;2557;Sy
9.790411;55.6804171;2558;Sy
9.8007107;55.6780942;2559;Sy
9.8103237;55.6773199;2560;Sy
9.8151302;55.673448;2561;Sy
9.8185635;55.669963;2562;Sy
9.844656;55.6726736;2563;Sy
9.854269;55.6765456;2564;Sy
9.8638821;55.6819656;2565;Sy
9.8858547;55.6866108;2566;Sy
9.9016476;55.6900943;2567;Sy
9.9236202;55.6931905;2568;Sy
9.9449062;55.6939645;2569;Sy
9.9552059;55.6943515;2570;Sy
9.9730587;55.6955125;2571;Sy
9.9909115;55.6974474;2572;Sy
9.9998379;55.7001561;2573;Sy
10.0121975;55.7024777;2574;Sy
10.0279903;55.6970604;2575;Sy
10.0231838;55.705186;2576;Sy
10.0197506;55.7156307;2577;Sy
10.005331;55.7171778;2578;Sy
9.9991512;55.7202718;2579;Sy
10.0005245;55.7280059;2580;Sy
10.0087643;55.7318724;2581;Sy
10.028677;55.7338055;2582;Sy
10.0389767;55.7349653;2583;Sy
10.0479031;55.7426964;2584;Sy
10.0575161;55.746175;2585;Sy
10.0781155;55.7457885;2586;Sy
10.0836086;55.7457885;2587;Sy
10.0760555;55.7523582;2588;Sy
10.0643826;55.7535175;2589;Sy
10.0472164;55.7546767;2590;Sy
10.0334835;55.7573814;2591;Sy
10.0218105;55.761245;2592;Sy
10.0176907;55.7678121;2593;Sy
10.017004;55.7736058;2594;Sy
10.0197506;55.7797847;2595;Sy
10.0259304;55.7828738;2596;Sy
10.0348568;55.7878931;2597;Sy
10.0444698;55.7932977;2598;Sy
10.0492764;55.7987016;2599;Sy
10.0575161;55.8048765;2600;Sy
10.0630093;55.8083495;2601;Sy
10.0575161;55.812208;2602;Sy
10.0540829;55.8203096;2603;Sy
10.0506496;55.825324;2604;Sy
10.0389767;55.8245526;2605;Sy
10.0300503;55.8237812;2606;Sy
10.0149441;55.817995;2607;Sy
10.0204372;55.8249383;2608;Sy
10.0211239;55.8357366;2609;Sy
10.0224972;55.8411346;2610;Sy
10.0135708;55.8299522;2611;Sy
10.0060177;55.8257097;2612;Sy
9.9964047;55.8260954;2613;Sy
9.9888516;55.8276382;2614;Sy
9.9785519;55.8268668;2615;Sy
9.9682522;55.8326517;2616;Sy
9.962759;55.8314948;2617;Sy
9.9435329;55.8338085;2618;Sy
9.9160671;55.8392068;2619;Sy
9.8995876;55.8415201;2620;Sy
9.8906612;55.8430622;2621;Sy
9.8810482;55.8457608;2622;Sy
9.8762417;55.8492302;2623;Sy
9.8803616;55.8530846;2624;Sy
9.8158169;55.8646457;2625;Sy
9.7189999;55.8808253;2626;Sy
9.5878506;55.9023878;2627;Sy
9.5576382;55.9073916;2628;Sy
9.4827938;55.9154734;2629;Sy
9.3962765;55.9266312;2630;Sy
9.3389764;55.9355032;2631;Sy
9.3135705;55.959726;2632;Sy
9.304266;55.9735357;2633;Sy
9.292593;55.9931265;2634;Sy
9.2833581;56.0073582;2635;Sy
9.2726803;56.0372653;2636;Sy
9.264132;56.065666;2637;Sy
9.1882229;56.0364981;2638;Sy
9.1092587;56.0046458;2639;Sy
9.0275478;55.9769936;2640;Sy
8.9745063;55.9602053;2641;Sy
8.8818092;55.9479037;2642;Sy
8.7808723;55.9459812;2643;Sy
8.6732388;55.936632;2644;Sy
8.6203671;55.9327859;2645;Sy
8.5517025;55.9220146;2646;Sy
8.5089607;55.9159783;2647;Sy
8.4212399;55.9089312;2648;Sy
8.3881111;55.906742;2649;Sy
8.3661384;55.8975034;2650;Sy
8.3429623;55.8827511;2651;Sy
8.3297462;55.8747827;2652;Sy
8.3256263;55.8690041;2653;Sy
8.2942104;55.8565533;2654;Sy
8.2763577;55.8469173;2655;Sy
8.2658882;55.8416404;2656;Sy
8.2590217;55.8474231;2657;Sy
8.2638282;55.8532049;2658;Sy
8.2597084;55.8655365;2659;Sy
8.2652015;55.8709304;2660;Sy
8.2803077;55.8767087;2661;Sy
8.272068;55.8890328;2662;Sy
8.2459754;55.8967335;2663;Sy
8.2116432;55.8975034;2664;Sy
8.2054634;55.8940384;2665;Sy
8.2109565;55.8817158;2666;Sy
8.2013435;55.8797901;2667;Sy
8.1951637;55.8797901;2668;Sy
8.1979103;55.8732418;2669;Sy
8.2068366;55.8701599;2670;Sy
8.2068366;55.8628393;2671;Sy
8.2027168;55.8543611;2672;Sy
8.184864;55.848965;2673;Sy
8.1814308;55.8381704;2674;Sy
8.1690711;55.8269872;2675;Sy
8.1719875;55.8110505;2676;Sy
8.1747341;55.7936837;2677;Sy
8.1761074;55.7766954;2678;Sy
8.1740475;55.7589269;2679;Sy
8.1699276;55.7392176;2680;Sy
8.1630611;55.7222055;2681;Sy
8.1568813;55.7040253;2682;Sy
8.1410885;55.6711247;2683;Sy
8.1335354;55.6560199;2684;Sy
8.1108761;55.6153241;2685;Sy
8.0902767;55.582737;2686;Sy
8.0772305;55.5672098;2687;Sy
8.0717373;55.5629388;2688;Sy
8.0772305;55.5578906;2689;Sy
8.0964565;55.5524533;2690;Sy
8.1239224;55.5446845;2691;Sy
8.1651211;55.5353599;2692;Sy
8.1960201;55.5256444;2693;Sy
8.2179928;55.515149;2694;Sy
8.2461453;55.499984;2695;Sy
8.2694912;55.4894818;2696;Sy
8.285284;55.4801441;2697;Sy
8.2942104;55.4778093;2698;Sy
8.3058834;55.4805332;2699;Sy
8.3038235;55.483646;2700;Sy
8.3038235;55.4890928;2701;Sy
8.3065701;55.4937608;2702;Sy
8.3038235;55.4992062;2703;Sy
8.2880306;55.5050397;2704;Sy
8.2784176;55.5128163;2705;Sy
8.2653713;55.5163153;2706;Sy
8.2564449;55.5240897;2707;Sy
8.254385;55.5275877;2708;Sy
8.2681179;55.5330284;2709;Sy
8.2653713;55.536137;2710;Sy
8.2468319;55.541188;2711;Sy
8.2392788;55.5547837;2712;Sy
8.2379055;55.5637154;2713;Sy
8.2379055;55.569151;2714;Sy
8.2440853;55.574586;2715;Sy
8.2475185;55.5807964;2716;Sy
8.2633114;55.5897222;2717;Sy
8.2701778;55.5959303;2718;Sy
8.2811642;55.5963182;2719;Sy
8.2935238;55.5951543;2720;Sy
8.3051968;55.5908863;2721;Sy
8.3148098;55.5862298;2722;Sy
8.3168697;55.5796321;2723;Sy
8.3120632;55.5765269;2724;Sy
8.3031368;55.5765269;2725;Sy
8.2955837;55.572645;2726;Sy
8.2935238;55.5672098;2727;Sy
8.3038235;55.5578906;2728;Sy
8.3237362;55.5423536;2729;Sy
8.3409023;55.533417;2730;Sy
8.351202;55.5248671;2731;Sy
8.372488;55.5143715;2732;Sy
8.3814144;55.5058174;2733;Sy
8.3992672;55.4937608;2734;Sy
8.4123135;55.4871476;2735;Sy
8.41506;55.4832569;2736;Sy
8.4109402;55.4801441;2737;Sy
8.4274197;55.4700258;2738;Sy
8.4322262;55.4645764;2739;Sy
8.4349728;55.4587369;2740;Sy
8.4569454;55.4532859;2741;Sy
8.4672451;55.4505602;2742;Sy
8.4747982;55.4583476;2743;Sy
8.4857845;55.4552328;2744;Sy
8.5036373;55.4528965;2745;Sy
8.52355;55.4501707;2746;Sy
8.5434628;55.4552328;2747;Sy
8.5551357;55.4528965;2748;Sy
8.5640621;55.4466659;2749;Sy
8.5853481;55.4412133;2750;Sy
8.5963345;55.4369285;2751;Sy
8.6080074;55.4314745;2752;Sy
8.6183071;55.4291369;2753;Sy
8.6244869;55.4248508;2754;Sy
8.6272335;55.4151081;2755;Sy
8.6327267;55.4049731;2756;Sy
8.6347866;55.3967852;2757;Sy
8.6423397;55.3854753;2758;Sy
8.6492062;55.3741622;2759;Sy
8.6526394;55.3585527;2760;Sy
8.6588192;55.3507456;2761;Sy
8.6656857;55.3441084;2762;Sy
8.6711788;55.341375;2763;Sy
8.6405662;54.910088;2764;Søn
8.62546;54.8942959;2765;Søn
8.5938743;54.8887672;2766;Søn
8.5897544;54.8808677;2767;Søn
8.6062339;54.8698059;2768;Søn
8.6048606;54.8516262;2769;Søn
8.6062339;54.8358112;2770;Søn
8.6240867;54.8271102;2771;Søn
8.6433128;54.8176162;2772;Søn
8.658419;54.8025794;2773;Søn
8.7174705;54.8009962;2774;Søn
8.7655357;54.7899124;2775;Søn
8.8328269;54.7756574;2776;Søn
8.9124778;54.7637744;2777;Søn
8.9577964;54.7360337;2778;Søn
9.0347007;54.7352408;2779;Søn
9.0813926;54.7106542;2780;Søn
9.1418174;54.7058938;2781;Søn
9.177523;54.6916091;2782;Søn
9.2255882;54.6852588;2783;Søn
9.27228;54.6789074;2784;Søn
9.328585;54.6812893;2785;Søn
9.3560508;54.6916091;2786;Søn
9.3859758;54.7223906;2787;Søn
9.410695;54.7592543;2788;Søn
9.4306077;54.7806436;2789;Søn
9.4354143;54.7889586;2790;Søn
9.4292345;54.8000427;2791;Søn
9.4347276;54.8051878;2792;Søn
9.4354143;54.8095409;2793;Søn
9.4299211;54.8146848;2794;Søn
9.422368;54.8229928;2795;Søn
9.4203081;54.8332766;2796;Søn
9.4333543;54.8328811;2797;Søn
9.4470872;54.8388129;2798;Søn
9.4635667;54.8396037;2799;Søn
9.4711198;54.8455345;2800;Søn
9.4841661;54.8490926;2801;Søn
9.4917192;54.8569983;2802;Søn
9.5006456;54.8637169;2803;Søn
9.5068254;54.8704344;2804;Søn
9.5130052;54.8728051;2805;Søn
9.5253648;54.8775459;2806;Søn
9.5384111;54.8767558;2807;Søn
9.5370378;54.8818911;2808;Søn
9.5432176;54.8814961;2809;Søn
9.5548906;54.8775459;2810;Søn
9.5645036;54.8799161;2811;Søn
9.5741167;54.885446;2812;Søn
9.5796098;54.8921599;2813;Søn
9.5796098;54.8972933;2814;Søn
9.5748033;54.9016364;2815;Søn
9.5802965;54.9055843;2816;Søn
9.5912828;54.9059791;2817;Søn
9.6043291;54.9059791;2818;Søn
9.6146287;54.9028208;2819;Søn
9.6221818;54.8976881;2820;Søn
9.6311082;54.8933446;2821;Søn
9.6400346;54.8933446;2822;Søn
9.6420946;54.8878157;2823;Søn
9.6462144;54.8822861;2824;Søn
9.6565141;54.8818911;2825;Søn
9.6565141;54.878731;2826;Søn
9.6517076;54.8747805;2827;Søn
9.6462144;54.8700393;2828;Søn
9.6379747;54.8664831;2829;Søn
9.6379747;54.8621362;2830;Søn
9.6455278;54.858184;2831;Søn
9.6620073;54.8546268;2832;Søn
9.6729936;54.8566031;2833;Søn
9.6846666;54.8566031;2834;Søn
9.6942796;54.8558126;2835;Søn
9.7052659;54.8522551;2836;Søn
9.7059526;54.8490926;2837;Søn
9.7059526;54.8455345;2838;Søn
9.7155656;54.8431623;2839;Søn
9.7224321;54.8403946;2840;Søn
9.7258653;54.8356494;2841;Søn
9.7430314;54.8368357;2842;Søn
9.7526445;54.8392083;2843;Søn
9.7567644;54.8463253;2844;Søn
9.7601976;54.8502786;2845;Søn
9.7601976;54.8585793;2846;Søn
9.7588243;54.8629266;2847;Søn
9.7533311;54.8641121;2848;Søn
9.7450914;54.8684588;2849;Søn
9.7402849;54.8743854;2850;Søn
9.7395982;54.8814961;2851;Søn
9.7306718;54.8866309;2852;Søn
9.7251787;54.8897904;2853;Søn
9.7121324;54.8886056;2854;Søn
9.7038927;54.8901853;2855;Søn
9.7025194;54.8965036;2856;Søn
9.7052659;54.9012416;2857;Søn
9.7114458;54.9047948;2858;Søn
9.7251787;54.9032156;2859;Søn
9.7382249;54.9020312;2860;Søn
9.7505845;54.898083;2861;Søn
9.7601976;54.8972933;2862;Søn
9.7718706;54.9000572;2863;Søn
9.7801103;54.9047948;2864;Søn
9.7910966;54.9032156;2865;Søn
9.7945299;54.8988727;2866;Søn
9.8062028;54.895319;2867;Søn
9.8185625;54.8933446;2868;Søn
9.8281755;54.8913701;2869;Søn
9.8336687;54.8901853;2870;Søn
9.8686876;54.8763607;2871;Søn
9.887227;54.8676686;2872;Søn
9.89684;54.8645073;2873;Søn
9.9091997;54.8645073;2874;Søn
9.9243059;54.8577888;2875;Søn
9.9421586;54.8538362;2876;Søn
9.9586381;54.8526504;2877;Søn
9.9751176;54.8530457;2878;Søn
9.9881639;54.8534409;2879;Søn
10.0005235;54.8597649;2880;Søn
10.0080766;54.8664831;2881;Søn
10.0218095;54.8720149;2882;Søn
10.0424089;54.8747805;2883;Søn
10.0568284;54.8747805;2884;Søn
10.0671281;54.8739903;2885;Søn
10.0733079;54.878336;2886;Søn
10.0691881;54.8878157;2887;Søn
10.0685014;54.8945292;2888;Søn
10.061635;54.8976881;2889;Søn
10.0547685;54.9047948;2890;Søn
10.0479021;54.9134789;2891;Søn
10.0451555;54.9209774;2892;Søn
10.0444688;54.9261071;2893;Søn
10.0465288;54.9304471;2894;Søn
10.0458421;54.9347867;2895;Søn
10.0327959;54.9458307;2896;Søn
10.0224962;54.9556889;2897;Søn
10.0142564;54.9627853;2898;Søn
10.00739;54.9738216;2899;Søn
9.9998369;54.9832789;2900;Søn
9.9902238;54.9907644;2901;Søn
9.9751176;54.9970668;2902;Søn
9.9696245;55.0037621;2903;Søn
9.9606981;55.0096688;2904;Søn
9.9469652;55.0143935;2905;Søn
9.9325456;55.0179366;2906;Søn
9.9181261;55.0199049;2907;Søn
9.9071397;55.0183303;2908;Søn
9.8879137;55.0238412;2909;Søn
9.865941;55.0336802;2910;Søn
9.8556413;55.0431234;2911;Søn
9.8522081;55.0474508;2912;Søn
9.832982;55.0541377;2913;Søn
9.821309;55.0623964;2914;Søn
9.8130693;55.0659353;2915;Søn
9.7897233;55.0734053;2916;Søn
9.7739305;55.0793018;2917;Søn
9.7533311;55.0844113;2918;Søn
9.7402849;55.0844113;2919;Søn
9.7313585;55.0820531;2920;Søn
9.7258653;55.0804809;2921;Søn
9.714879;55.0793018;2922;Søn
9.7038927;55.0793018;2923;Søn
9.6929063;55.0753709;2924;Søn
9.6805467;55.0694739;2925;Søn
9.6633806;55.0647557;2926;Søn
9.6565141;55.0580706;2927;Søn
9.648961;55.054531;2928;Søn
9.639348;55.0529577;2929;Søn
9.637288;55.0462707;2930;Søn
9.6407213;55.0403694;2931;Søn
9.6565141;55.0372217;2932;Søn
9.6647539;55.0387956;2933;Søn
9.6771135;55.0352543;2934;Søn
9.6791734;55.0324997;2935;Søn
9.6695604;55.030532;2936;Søn
9.660634;55.0293514;2937;Søn
9.6599473;55.0254156;2938;Søn
9.6633806;55.0214795;2939;Søn
9.6709337;55.0191176;2940;Søn
9.6805467;55.0147872;2941;Søn
9.6874132;55.0104563;2942;Søn
9.6990861;55.0073062;2943;Søn
9.7093858;55.0069124;2944;Søn
9.7210588;55.009275;2945;Søn
9.7334184;55.0084875;2946;Søn
9.745778;55.0088813;2947;Søn
9.7595109;55.0104563;2948;Søn
9.7725572;55.0104563;2949;Søn
9.7821702;55.01085;2950;Søn
9.7917833;55.01085;2951;Søn
9.7952165;55.0073062;2952;Søn
9.7945299;55.0041559;2953;Søn
9.7849168;55.0029745;2954;Søn
9.7759904;54.9998238;2955;Søn
9.7759904;54.9962791;2956;Søn
9.7835435;54.9950974;2957;Søn
9.7959032;54.9958852;2958;Søn
9.7883501;54.992734;2959;Søn
9.7821702;54.9907644;2960;Søn
9.7821702;54.9872188;2961;Søn
9.7938432;54.9805208;2962;Søn
9.8089494;54.9809148;2963;Søn
9.8268022;54.9785505;2964;Søn
9.832982;54.9765802;2965;Søn
9.8384752;54.9742157;2966;Søn
9.8439683;54.9698804;2967;Søn
9.8487749;54.9659388;2968;Søn
9.8412218;54.9659388;2969;Søn
9.8377885;54.9592372;2970;Søn
9.8357286;54.9552946;2971;Søn
9.8474016;54.9549003;2972;Søn
9.8535814;54.954506;2973;Søn
9.844655;54.9517459;2974;Søn
9.8384752;54.9501686;2975;Søn
9.8419084;54.9458307;2976;Søn
9.8494615;54.9438588;2977;Søn
9.8583879;54.94307;2978;Søn
9.8611345;54.9395202;2979;Søn
9.8508348;54.9367591;2980;Søn
9.8391618;54.9339977;2981;Søn
9.8261156;54.9332087;2982;Søn
9.8295488;54.937548;2983;Søn
9.8254289;54.9407035;2984;Søn
9.8144426;54.9478025;2985;Søn
9.8027696;54.96042;2986;Søn
9.7917833;54.9694863;2987;Søn
9.7801103;54.9702746;2988;Søn
9.7718706;54.9710628;2989;Søn
9.7588243;54.9824909;2990;Søn
9.7526445;54.9777624;2991;Søn
9.7409715;54.975398;2992;Søn
9.7389116;54.9884007;2993;Søn
9.724492;54.9880067;2994;Søn
9.7169389;54.9903704;2995;Søn
9.7025194;54.9884007;2996;Søn
9.6922197;54.9872188;2997;Søn
9.6805467;54.9966729;2998;Søn
9.670247;54.99943;2999;Søn
9.660634;55.0010054;3000;Søn
9.6544542;55.0057311;3001;Søn
9.6434678;55.0077;3002;Søn
9.6359147;55.0096688;3003;Søn
9.6269884;55.0132123;3004;Søn
9.6194353;55.0171493;3005;Søn
9.6125688;55.0254156;3006;Søn
9.6084489;55.0313191;3007;Søn
9.6043291;55.0364347;3008;Søn
9.5981492;55.039976;3009;Søn
9.5844163;55.04273;3010;Søn
9.5754899;55.0446971;3011;Søn
9.5748033;55.0395825;3012;Søn
9.5754899;55.0352543;3013;Søn
9.5672502;55.0328932;3014;Søn
9.5555772;55.0332867;3015;Søn
9.5452775;55.0309256;3016;Søn
9.5198717;55.0262028;3017;Søn
9.5102586;55.0191176;3018;Søn
9.5047655;55.0167556;3019;Søn
9.4937791;55.0155746;3020;Søn
9.4848527;55.0155746;3021;Søn
9.4779863;55.0191176;3022;Søn
9.4663133;55.0179366;3023;Søn
9.455327;55.0171493;3024;Søn
9.4484605;55.0167556;3025;Søn
9.4422807;55.0238412;3026;Søn
9.4347276;55.0262028;3027;Søn
9.4237413;55.02699;3028;Søn
9.4230546;55.0324997;3029;Søn
9.4230546;55.0376152;3030;Søn
9.4264879;55.0403694;3031;Søn
9.4354143;55.0415497;3032;Søn
9.4457139;55.0415497;3033;Søn
9.4621934;55.0439103;3034;Søn
9.4656267;55.0486309;3035;Søn
9.4779863;55.0474508;3036;Søn
9.4930925;55.0486309;3037;Søn
9.5013322;55.0462707;3038;Søn
9.5246782;55.0568908;3039;Søn
9.5349779;55.0667217;3040;Søn
9.5480241;55.0714397;3041;Søn
9.5528306;55.0785156;3042;Søn
9.552144;55.0891272;3043;Søn
9.540471;55.0934496;3044;Søn
9.5322313;55.1013073;3045;Søn
9.5239915;55.1068068;3046;Søn
9.5157518;55.1111273;3047;Søn
9.507512;55.1111273;3048;Søn
9.4999589;55.1174109;3049;Søn
9.4910325;55.1209449;3050;Søn
9.4821062;55.1146619;3051;Søn
9.4779863;55.1189816;3052;Søn
9.4676866;55.1138765;3053;Søn
9.4676866;55.1213376;3054;Søn
9.4656267;55.124086;3055;Søn
9.4711198;55.1291898;3056;Søn
9.4779863;55.1315452;3057;Søn
9.488286;55.1303675;3058;Søn
9.497899;55.1276195;3059;Søn
9.5171251;55.1260491;3060;Søn
9.5219316;55.1284047;3061;Søn
9.5130052;55.1311527;3062;Søn
9.5027055;55.1362556;3063;Søn
9.5027055;55.1429276;3064;Søn
9.5027055;55.151168;3065;Søn
9.4972124;55.1550913;3066;Søn
9.5027055;55.1590144;3067;Søn
9.5267381;55.1652904;3068;Søn
9.540471;55.1719575;3069;Søn
9.5569505;55.1774473;3070;Søn
9.5713701;55.1817602;3071;Søn
9.5802965;55.1899925;3072;Søn
9.5919694;55.1935202;3073;Søn
9.6050157;55.1939121;3074;Søn
9.6153154;55.1919524;3075;Søn
9.6228685;55.1888166;3076;Søn
9.6228685;55.1841124;3077;Søn
9.6228685;55.1794078;3078;Søn
9.6290483;55.1758789;3079;Søn
9.6400346;55.176271;3080;Søn
9.6469011;55.1786236;3081;Søn
9.6537675;55.1817602;3082;Søn
9.6599473;55.1845045;3083;Søn
9.670247;55.1896005;3084;Søn
9.6826066;55.1911684;3085;Søn
9.6963396;55.1974394;3086;Søn
9.6922197;55.2080194;3087;Søn
9.6894731;55.2225133;3088;Søn
9.6956529;55.2268213;3089;Søn
9.7052659;55.2307372;3090;Søn
9.7135057;55.2350443;3091;Søn
9.7155656;55.2393509;3092;Søn
9.7121324;55.24444;3093;Søn
9.7183122;55.2507025;3094;Søn
9.7176256;55.2557901;3095;Søn
9.712819;55.2616596;3096;Søn
9.7025194;55.2643984;3097;Søn
9.6750535;55.273396;3098;Søn
9.6647539;55.2808273;3099;Søn
9.6599473;55.2827827;3100;Søn
9.6709337;55.2882572;3101;Søn
9.6633806;55.2937309;3102;Søn
9.6558275;55.2992039;3103;Søn
9.6496477;55.3042853;3104;Søn
9.6462144;55.3109292;3105;Søn
9.6386613;55.3136646;3106;Søn
9.6379747;55.3191348;3107;Søn
9.6503343;55.3273388;3108;Søn
9.6469011;55.3331977;3109;Søn
9.6469011;55.3398368;3110;Søn
9.6434678;55.3445225;3111;Søn
9.6311082;55.3531116;3112;Søn
9.6228685;55.3570151;3113;Søn
9.6077623;55.3562344;3114;Søn
9.5988359;55.3577957;3115;Søn
9.5974626;55.3624793;3116;Søn
9.5905961;55.3609182;3117;Søn
9.5809831;55.3620891;3118;Søn
9.5741167;55.3632599;3119;Søn
9.5741167;55.3667722;3120;Søn
9.5672512;55.3726016;3121;Søn
9.561757;55.3737958;3122;Søn
9.4024553;55.3737958;3123;Søn
9.3674374;55.3737721;3124;Søn
9.2884731;55.3718212;3125;Søn
9.1882219;55.3730154;3126;Søn
9.0920915;55.3749662;3127;Søn
8.9657487;55.376917;3128;Søn
8.9046383;55.3776736;3129;Søn
8.8854112;55.3718449;3130;Søn
8.870306;55.358943;3131;Søn
8.8455858;55.3511597;3132;Søn
8.8339138;55.346451;3133;Søn
8.7954606;55.3394463;3134;Søn
8.7631893;55.333174;3135;Søn
8.7068834;55.3359316;3136;Søn
8.6773576;55.3406178;3137;Søn
8.6663713;55.3410083;3138;Søn
8.6677446;55.3371032;3139;Søn
8.6752977;55.3347599;3140;Søn
8.6752977;55.332026;3141;Søn
8.6691179;55.3304637;3142;Søn
8.6711778;55.323823;3143;Søn
8.6663713;55.3144461;3144;Søn
8.6622514;55.3089752;3145;Søn
8.6560716;55.3042853;3146;Søn
8.6560716;55.2980312;3147;Søn
8.6540117;55.2921671;3148;Søn
8.6540117;55.2882572;3149;Søn
8.6588182;55.2792629;3150;Søn
8.6608781;55.2706579;3151;Søn
8.6601915;55.2604858;3152;Søn
8.6636247;55.2550075;3153;Søn
8.6601915;55.2518767;3154;Søn
8.6615648;55.2463971;3155;Søn
8.6684312;55.2393509;3156;Søn
8.6698045;55.232695;3157;Søn
8.6732377;55.226038;3158;Søn
8.6704912;55.2189882;3159;Søn
8.6704912;55.2123289;3160;Søn
8.6725511;55.2064521;3161;Søn
8.6787309;55.2009664;3162;Søn
8.6794176;55.1899925;3163;Søn
8.6835374;55.1852885;3164;Søn
8.6869707;55.1778394;3165;Søn
8.6869707;55.1747025;3166;Søn
8.6897172;55.1676436;3167;Søn
8.6910905;55.1625447;3168;Søn
8.6917772;55.1582298;3169;Søn
8.6897172;55.1543067;3170;Søn
8.6732377;55.1519527;3171;Søn
8.6498918;55.1484214;3172;Søn
8.6718645;55.1456746;3173;Søn
8.6801042;55.1425351;3174;Søn
8.6794176;55.1362556;3175;Søn
8.6739244;55.1256565;3176;Søn
8.6670579;55.1115201;3177;Søn
8.6601915;55.1005216;3178;Søn
8.6546983;55.0938425;3179;Søn
8.6485185;55.0879482;3180;Søn
8.6430253;55.075764;3181;Søn
8.6409654;55.0620032;3182;Søn
8.6361589;55.0470575;3183;Søn
8.6334123;55.0340738;3184;Søn
8.6423387;55.0143935;3185;Søn
8.6519517;54.9947035;3186;Søn
8.6595048;54.9844609;3187;Søn
8.6601915;54.9742157;3188;Søn
8.6601915;54.9616026;3189;Søn
8.6519517;54.9442532;3190;Søn
8.6430253;54.9261071;3191;Søn
8.6405662;54.910088;3192;Søn
